-- MySQL dump 10.16  Distrib 10.1.24-MariaDB, for Linux (x86_64)
--
-- Host: localhost    Database: trackdb
-- ------------------------------------------------------
-- Server version	10.1.24-MariaDB

/*!40101 SET @OLD_CHARACTER_SET_CLIENT=@@CHARACTER_SET_CLIENT */;
/*!40101 SET @OLD_CHARACTER_SET_RESULTS=@@CHARACTER_SET_RESULTS */;
/*!40101 SET @OLD_COLLATION_CONNECTION=@@COLLATION_CONNECTION */;
/*!40101 SET NAMES utf8 */;
/*!40103 SET @OLD_TIME_ZONE=@@TIME_ZONE */;
/*!40103 SET TIME_ZONE='+00:00' */;
/*!40014 SET @OLD_UNIQUE_CHECKS=@@UNIQUE_CHECKS, UNIQUE_CHECKS=0 */;
/*!40014 SET @OLD_FOREIGN_KEY_CHECKS=@@FOREIGN_KEY_CHECKS, FOREIGN_KEY_CHECKS=0 */;
/*!40101 SET @OLD_SQL_MODE=@@SQL_MODE, SQL_MODE='NO_AUTO_VALUE_ON_ZERO' */;
/*!40111 SET @OLD_SQL_NOTES=@@SQL_NOTES, SQL_NOTES=0 */;

--
-- Table structure for table `episode`
--

DROP TABLE IF EXISTS `episode`;
/*!40101 SET @saved_cs_client     = @@character_set_client */;
/*!40101 SET character_set_client = utf8 */;
CREATE TABLE `episode` (
  `id_episode` int(11) NOT NULL AUTO_INCREMENT,
  `number` int(11) NOT NULL,
  `imdb` varchar(45) DEFAULT NULL,
  `runtime` int(11) DEFAULT NULL,
  `season_id` int(11) NOT NULL,
  `media_id` int(11) NOT NULL,
  PRIMARY KEY (`id_episode`),
  KEY `fk_episode_season1_idx` (`season_id`),
  KEY `fk_episode_media1_idx` (`media_id`),
  CONSTRAINT `fk_episode_media1` FOREIGN KEY (`media_id`) REFERENCES `media` (`id_media`) ON DELETE NO ACTION ON UPDATE NO ACTION,
  CONSTRAINT `fk_episode_season1` FOREIGN KEY (`season_id`) REFERENCES `season` (`id_season`) ON DELETE NO ACTION ON UPDATE NO ACTION
) ENGINE=InnoDB AUTO_INCREMENT=578 DEFAULT CHARSET=utf8;
/*!40101 SET character_set_client = @saved_cs_client */;

--
-- Dumping data for table `episode`
--

LOCK TABLES `episode` WRITE;
/*!40000 ALTER TABLE `episode` DISABLE KEYS */;
INSERT INTO `episode` VALUES (1,1,'tt1480055',61,1,13),(2,2,'tt1668746',55,1,14),(3,3,'tt1829962',57,1,15),(4,4,'tt1829963',55,1,16),(5,5,'tt1829964',54,1,17),(6,6,'tt1837862',52,1,18),(7,7,'tt1837863',57,1,19),(8,8,'tt1837864',58,1,20),(9,9,'tt1851398',56,1,21),(10,10,'tt1851397',52,1,22),(11,1,'tt1971833',52,2,24),(12,2,'tt2069318',53,2,25),(13,3,'tt2070135',52,2,26),(14,4,'tt2069319',50,2,27),(15,5,'tt2074658',54,2,28),(16,6,'tt2085238',54,2,29),(17,7,'tt2085239',55,2,30),(18,8,'tt2085240',53,2,31),(19,9,'tt2084342',54,2,32),(20,10,'tt2112510',63,2,33),(21,1,'tt2178782',54,3,35),(22,2,'tt2178772',57,3,36),(23,3,'tt2178802',52,3,37),(24,4,'tt2178798',53,3,38),(25,5,'tt2178788',57,3,39),(26,6,'tt2178812',53,3,40),(27,7,'tt2178814',57,3,41),(28,8,'tt2178806',56,3,42),(29,9,'tt2178784',50,3,43),(30,10,'tt2178796',62,3,44),(31,1,'tt2816136',58,4,46),(32,2,'tt2832378',52,4,47),(33,3,'tt2972426',56,4,48),(34,4,'tt2972428',55,4,49),(35,5,'tt3060856',53,4,50),(36,6,'tt3060910',50,4,51),(37,7,'tt3060876',51,4,52),(38,8,'tt3060782',52,4,53),(39,9,'tt3060858',50,4,54),(40,10,'tt3060860',65,4,55),(41,1,'tt3658012',59,5,57),(42,2,'tt3846626',63,5,58),(43,3,'tt3866836',66,5,59),(44,4,'tt3866838',57,5,60),(45,5,'tt3866840',64,5,61),(46,6,'tt3866842',62,5,62),(47,7,'tt3866846',66,5,63),(48,8,'tt3866850',69,5,64),(49,9,'tt3866826',63,5,65),(50,10,'tt3866862',72,5,66),(51,1,'tt3658014',59,6,68),(52,2,'tt4077554',62,6,69),(53,3,'tt4131606',60,6,70),(54,4,'tt4283016',68,6,71),(55,5,'tt4283028',67,6,72),(56,6,'tt4283054',60,6,73),(57,7,'tt4283060',58,6,74),(58,8,'tt4283074',66,6,75),(59,9,'tt4283088',69,6,76),(60,10,'tt4283094',81,6,77),(61,1,'tt5654088',55,7,79),(62,2,'tt5655178',55,7,80),(63,3,'tt5775840',55,7,81),(64,4,'tt5775846',55,7,82),(65,5,'tt5775854',55,7,83),(66,6,'tt5775864',55,7,84),(67,7,'tt5775874',55,7,85),(68,1,'tt0562992',44,8,88),(69,2,NULL,44,8,89),(70,3,NULL,44,8,90),(71,4,NULL,45,8,91),(72,5,NULL,43,8,92),(73,6,NULL,45,8,93),(74,7,NULL,44,8,94),(75,8,NULL,42,8,95),(76,9,NULL,41,8,96),(77,10,NULL,42,8,97),(78,11,NULL,43,8,98),(79,12,NULL,42,8,99),(80,13,NULL,45,8,100),(81,1,NULL,44,9,102),(82,2,NULL,44,9,103),(83,3,NULL,44,9,104),(84,4,NULL,44,9,105),(85,5,NULL,46,9,106),(86,6,NULL,45,9,107),(87,7,NULL,45,9,108),(88,8,NULL,45,9,109),(89,9,NULL,47,9,110),(90,10,NULL,45,9,111),(91,11,NULL,43,9,112),(92,12,NULL,43,9,113),(93,13,NULL,46,9,114),(94,1,NULL,44,10,116),(95,2,NULL,45,10,117),(96,3,NULL,45,10,118),(97,4,NULL,46,10,119),(98,5,NULL,46,10,120),(99,6,NULL,43,10,121),(100,7,NULL,45,10,122),(101,8,NULL,45,10,123),(102,9,NULL,43,10,124),(103,10,NULL,43,10,125),(104,11,NULL,45,10,126),(105,12,NULL,46,10,127),(106,13,NULL,46,10,128),(107,1,NULL,48,11,130),(108,2,NULL,48,11,131),(109,3,NULL,43,11,132),(110,4,NULL,44,11,133),(111,5,NULL,44,11,134),(112,6,NULL,45,11,135),(113,7,NULL,45,11,136),(114,8,NULL,43,11,137),(115,9,NULL,45,11,138),(116,10,NULL,44,11,139),(117,11,NULL,49,11,140),(118,12,NULL,45,11,141),(119,13,NULL,63,11,142),(120,1,NULL,64,12,144),(121,2,NULL,42,12,145),(122,3,NULL,42,12,146),(123,4,NULL,41,12,147),(124,5,NULL,42,12,148),(125,6,NULL,48,12,149),(126,7,NULL,44,12,150),(127,8,NULL,43,12,151),(128,9,NULL,46,12,152),(129,10,NULL,46,12,153),(130,11,NULL,42,12,154),(131,12,NULL,48,12,155),(132,13,NULL,53,12,156),(133,1,'tt1723888',43,13,158),(134,2,'tt1723889',46,13,159),(135,3,'tt1721225',44,13,160),(136,4,'tt1721226',45,13,161),(137,5,'tt1777783',43,13,162),(138,6,'tt1777782',45,13,163),(139,7,'tt1777781',48,13,164),(140,8,'tt1795142',48,13,165),(141,9,'tt1795143',42,13,166),(142,10,'tt1795139',46,13,167),(143,11,'tt1795140',48,13,168),(144,12,'tt1795141',45,13,169),(145,13,'tt1824359',45,13,170),(146,1,'tt2402301',48,14,172),(147,2,NULL,45,14,173),(148,3,'tt2340501',44,14,174),(149,4,NULL,41,14,175),(150,5,NULL,44,14,176),(151,6,NULL,45,14,177),(152,7,NULL,43,14,178),(153,8,NULL,41,14,179),(154,9,NULL,44,14,180),(155,10,NULL,44,14,181),(156,11,NULL,44,14,182),(157,12,NULL,44,14,183),(158,13,NULL,44,14,184),(159,1,'tt3469416',76,15,186),(160,2,'tt3737226',47,15,187),(161,3,'tt3714112',46,15,188),(162,4,'tt3745430',47,15,189),(163,5,'tt3845940',45,15,190),(164,6,'tt3845938',45,15,191),(165,7,'tt3787384',46,15,192),(166,8,'tt3787400',49,15,193),(167,9,'tt3834038',44,15,194),(168,10,'tt3834040',45,15,195),(169,11,'tt3834042',47,15,196),(170,12,'tt3834044',57,15,197),(171,1,'tt4289846',46,16,199),(172,2,'tt4464958',47,16,200),(173,3,'tt4483506',43,16,201),(174,4,'tt4483520',42,16,202),(175,5,'tt4507160',50,16,203),(176,6,'tt4545140',50,16,204),(177,7,'tt4652840',45,16,205),(178,8,'tt4652846',46,16,206),(179,9,'tt4787004',45,16,207),(180,10,'tt4701538',50,16,208),(181,11,'tt4701542',55,16,209),(182,12,'tt4701544',60,16,210),(183,1,'tt5848216',50,17,212),(184,2,'tt5985750',45,17,213),(185,3,'tt5985752',44,17,214),(186,4,'tt5985754',44,17,215),(187,5,'tt6250146',44,17,216),(188,6,'tt6340130',48,17,217),(189,7,'tt6336800',46,17,218),(190,8,'tt6333372',44,17,219),(191,9,'tt6340134',43,17,220),(192,10,'tt6250158',42,17,221),(193,11,'tt6340138',45,17,222),(194,12,'tt6340142',60,17,223),(195,1,'tt2400770',51,18,226),(196,2,'tt2431596',51,18,227),(197,3,'tt2451520',56,18,228),(198,4,'tt2577286',54,18,229),(199,5,'tt2511030',54,18,230),(200,6,'tt2511028',56,18,231),(201,7,'tt2595996',56,18,232),(202,8,'tt2620550',58,18,233),(203,9,'tt2640490',58,18,234),(204,10,'tt2692410',53,18,235),(205,11,'tt2739642',58,18,236),(206,12,'tt2754710',59,18,237),(207,13,'tt2754708',60,18,238),(208,1,'tt3015084',56,19,240),(209,2,'tt3099720',55,19,241),(210,3,'tt3262412',59,19,242),(211,4,'tt3262414',59,19,243),(212,5,'tt3262416',51,19,244),(213,6,'tt3262410',59,19,245),(214,7,'tt3262424',52,19,246),(215,8,'tt3262418',57,19,247),(216,9,'tt3262426',59,19,248),(217,10,'tt3262428',59,19,249),(218,11,'tt3262420',57,19,250),(219,12,'tt3262422',59,19,251),(220,13,'tt3262434',92,19,252),(221,1,'tt3713502',52,20,254),(222,2,'tt3807516',57,20,255),(223,3,'tt3807522',55,20,256),(224,4,'tt3807518',58,20,257),(225,5,'tt3807524',58,20,258),(226,6,'tt3807528',53,20,259),(227,7,'tt3807532',59,20,260),(228,8,'tt3807534',58,20,261),(229,9,'tt3807526',53,20,262),(230,10,'tt3807546',59,20,263),(231,11,'tt3807540',59,20,264),(232,12,'tt3807544',59,20,265),(233,13,'tt3807538',89,20,266),(234,1,'tt4645280',53,21,268),(235,2,'tt4800062',59,21,269),(236,3,'tt4848198',56,21,270),(237,4,'tt4943588',59,21,271),(238,5,'tt4964764',57,21,272),(239,6,'tt4955850',58,21,273),(240,7,'tt4982080',57,21,274),(241,8,'tt5208156',58,21,275),(242,9,'tt5197318',56,21,276),(243,10,'tt5208192',59,21,277),(244,11,'tt5188388',59,21,278),(245,12,'tt5193130',59,21,279),(246,13,'tt5193132',76,21,280),(247,1,'tt5440228',60,22,282),(248,2,'tt6007580',60,22,283),(249,3,'tt5949054',60,22,284),(250,4,'tt5948520',60,22,285),(251,5,'tt5974194',60,22,286),(252,6,'tt6007582',60,22,287),(253,7,'tt6007584',60,22,288),(254,8,'tt6007588',60,22,289),(255,9,'tt6007596',60,22,290),(256,10,'tt6007600',60,22,291),(257,11,'tt6007602',60,22,292),(258,12,'tt6007608',60,22,293),(259,13,'tt5842030',60,22,294),(260,1,'tt2161930',55,23,297),(261,2,'tt2250466',50,23,298),(262,3,'tt2248444',51,23,299),(263,4,'tt2248422',48,23,300),(264,5,'tt2294870',52,23,301),(265,6,'tt2311910',50,23,302),(266,7,'tt2311926',54,23,303),(267,8,'tt2312714',47,23,304),(268,9,'tt2248426',52,23,305),(269,10,'tt2468204',52,23,306),(270,11,'tt2440660',54,23,307),(271,12,'tt2555986',53,23,308),(272,13,'tt2555988',50,23,309),(273,1,'tt2811510',50,24,311),(274,2,'tt3221190',49,24,312),(275,3,'tt2990016',51,24,313),(276,4,'tt3001906',48,24,314),(277,5,'tt3001926',49,24,315),(278,6,'tt3221232',52,24,316),(279,7,'tt3147682',48,24,317),(280,8,'tt3147690',47,24,318),(281,9,'tt3186026',49,24,319),(282,10,'tt3221270',51,24,320),(283,11,'tt3297502',54,24,321),(284,12,'tt3326204',47,24,322),(285,13,'tt3326208',60,24,323),(286,1,'tt3513862',59,25,325),(287,2,'tt3892086',55,25,326),(288,3,'tt3892088',53,25,327),(289,4,'tt3892094',47,25,328),(290,5,'tt3897442',52,25,329),(291,6,'tt3897454',54,25,330),(292,7,'tt3918768',53,25,331),(293,8,'tt4083028',44,25,332),(294,9,'tt4035250',52,25,333),(295,10,'tt4128566',57,25,334),(296,11,'tt4128572',53,25,335),(297,12,'tt4128574',49,25,336),(298,13,'tt4221826',58,25,337),(299,1,'tt4498368',49,26,339),(300,2,'tt4817660',42,26,340),(301,3,'tt4817664',54,26,341),(302,4,'tt4817670',43,26,342),(303,5,'tt4949018',48,26,343),(304,6,'tt4949028',48,26,344),(305,7,'tt5025272',52,26,345),(306,8,'tt5095720',47,26,346),(307,9,'tt5083704',46,26,347),(308,10,'tt5095730',57,26,348),(309,11,'tt5095732',52,26,349),(310,12,'tt5095742',47,26,350),(311,13,'tt5095748',55,26,351),(312,1,'tt5419058',50,27,353),(313,2,'tt5965956',50,27,354),(314,3,'tt6010608',50,27,355),(315,4,'tt6059620',50,27,356),(316,5,'tt6110792',50,27,357),(317,6,'tt6411836',50,27,358),(318,7,'tt6411844',50,27,359),(319,8,'tt6411838',50,27,360),(320,9,'tt6411842',50,27,361),(321,10,'tt6411846',50,27,362),(322,11,'tt6411854',50,27,363),(323,12,'tt6411858',50,27,364),(324,13,'tt6411862',50,27,365),(325,1,'tt4174892',44,28,368),(326,2,'tt4193934',44,28,369),(327,3,'tt4370532',43,28,370),(328,4,'tt4381250',43,28,371),(329,5,'tt4366194',43,28,372),(330,6,'tt4381252',44,28,373),(331,7,'tt4381256',44,28,374),(332,8,'tt4381258',43,28,375),(333,9,'tt4381262',43,28,376),(334,10,'tt4381264',44,28,377),(335,11,'tt4381266',43,28,378),(336,12,'tt4381270',44,28,379),(337,13,'tt4381274',44,28,380),(338,1,'tt4991616',43,29,382),(339,2,'tt5498998',43,29,383),(340,3,'tt5499018',43,29,384),(341,4,'tt5499022',43,29,385),(342,5,'tt5574158',43,29,386),(343,6,'tt5706306',43,29,387),(344,7,'tt5770094',43,29,388),(345,8,'tt5578258',43,29,389),(346,9,'tt5564402',43,29,390),(347,10,'tt5872980',43,29,391),(348,11,'tt5716584',43,29,392),(349,12,'tt5846742',43,29,393),(350,13,'tt5718584',43,29,394),(351,1,'tt6072918',43,30,396),(352,2,'tt6072926',43,30,397),(353,3,'tt6072928',43,30,398),(354,4,'tt6072914',43,30,399),(355,5,'tt6072924',43,30,400),(356,6,'tt6072930',43,30,401),(357,7,NULL,43,30,402),(358,8,NULL,43,30,403),(359,9,NULL,43,30,404),(360,10,NULL,43,30,405),(361,11,NULL,43,30,406),(362,12,NULL,43,30,407),(363,13,NULL,43,30,408),(364,1,'tt5017734',65,31,411),(365,2,'tt5062946',61,31,412),(366,3,'tt5280330',61,31,413),(367,4,'tt5665566',61,31,414),(368,5,'tt5665572',58,31,415),(369,6,'tt5665580',54,31,416),(370,7,'tt5665584',54,31,417),(371,8,'tt5017740',62,31,418),(372,1,'tt3222784',29,32,421),(373,2,'tt3668816',28,32,422),(374,3,'tt3380250',28,32,423),(375,4,'tt3668330',28,32,424),(376,5,'tt3467892',28,32,425),(377,6,'tt3557356',28,32,426),(378,7,'tt3388032',28,32,427),(379,8,'tt3557358',28,32,428),(380,1,'tt3682540',30,33,430),(381,2,'tt3682600',27,33,431),(382,3,'tt3682606',29,33,432),(383,4,'tt3682586',30,33,433),(384,5,'tt3682590',29,33,434),(385,6,'tt3682592',30,33,435),(386,7,'tt3682588',29,33,436),(387,8,'tt3682604',28,33,437),(388,9,'tt4185454',30,33,438),(389,10,'tt4185460',28,33,439),(390,1,'tt4633480',32,34,441),(391,2,'tt5218398',30,34,442),(392,3,'tt5218400',30,34,443),(393,4,'tt5218414',31,34,444),(394,5,'tt5218422',31,34,445),(395,6,'tt5218484',30,34,446),(396,7,'tt5218490',30,34,447),(397,8,'tt5218496',30,34,448),(398,9,'tt5218498',31,34,449),(399,10,'tt5218514',31,34,450),(400,1,'tt5654084',31,35,452),(401,2,'tt6245460',30,35,453),(402,3,'tt6245462',31,35,454),(403,4,'tt6267504',30,35,455),(404,5,'tt6267506',31,35,456),(405,6,'tt6267508',31,35,457),(406,7,'tt5915160',31,35,458),(407,8,'tt6267510',30,35,459),(408,9,'tt6267512',31,35,460),(409,10,'tt6267514',31,35,461),(410,1,'tt2510426',44,36,464),(411,2,'tt2580386',44,36,465),(412,3,'tt2639284',44,36,466),(413,4,'tt2545702',44,36,467),(414,5,'tt2639288',44,36,468),(415,6,'tt2639290',44,36,469),(416,7,'tt2639292',44,36,470),(417,8,'tt2639296',44,36,471),(418,9,'tt2639302',44,36,472),(419,10,'tt2639304',44,36,473),(420,1,'tt2922240',43,37,475),(421,2,'tt3314556',43,37,476),(422,3,'tt3314576',43,37,477),(423,4,'tt3360108',43,37,478),(424,5,'tt3360114',43,37,479),(425,6,'tt3360112',43,37,480),(426,7,'tt3360118',43,37,481),(427,8,'tt3360120',43,37,482),(428,9,'tt3360126',43,37,483),(429,10,'tt3360124',43,37,484),(430,1,'tt3859370',44,38,486),(431,2,'tt4277160',45,38,487),(432,3,'tt4277162',44,38,488),(433,4,'tt4226074',44,38,489),(434,5,'tt4277164',44,38,490),(435,6,'tt4277166',43,38,491),(436,7,'tt4277168',44,38,492),(437,8,NULL,44,38,493),(438,9,NULL,44,38,494),(439,10,NULL,45,38,495),(440,1,'tt4666106',43,39,497),(441,2,'tt5202896',43,39,498),(442,3,'tt5202902',43,39,499),(443,4,'tt5202900',43,39,500),(444,5,'tt5202898',43,39,501),(445,6,'tt5202904',43,39,502),(446,7,'tt5202906',43,39,503),(447,8,'tt5202908',43,39,504),(448,9,'tt5202910',44,39,505),(449,10,'tt5202912',46,39,506),(450,1,'tt5814630',42,40,508),(451,2,'tt6333012',42,40,509),(452,3,'tt6271006',42,40,510),(453,4,'tt6446452',42,40,511),(454,5,'tt6446456',45,40,512),(455,6,'tt6408790',45,40,513),(456,7,'tt6446458',45,40,514),(457,8,'tt6446462',45,40,515),(458,9,'tt6446460',45,40,516),(459,10,'tt6185992',45,40,517),(460,1,'tt0678483',43,41,520),(461,2,'tt0678475',44,41,521),(462,3,'tt0678477',43,41,522),(463,4,'tt0678478',44,41,523),(464,5,'tt0678480',43,41,524),(465,6,'tt0678484',43,41,525),(466,7,'tt0678482',42,41,526),(467,8,'tt0678486',44,41,527),(468,9,'tt0678487',44,41,528),(469,10,'tt0678485',43,41,529),(470,11,'tt0678476',43,41,530),(471,12,'tt0678481',43,41,531),(472,13,'tt0678479',43,41,532),(473,14,'tt0761211',43,41,533),(474,15,'tt0761209',43,41,534),(475,16,'tt0761208',44,41,535),(476,17,'tt0782518',43,41,536),(477,18,'tt0789620',44,41,537),(478,19,'tt0761210',43,41,538),(479,20,'tt0761212',43,41,539),(480,21,'tt0769383',43,41,540),(481,22,'tt0799332',42,41,541),(482,1,'tt0839360',41,42,543),(483,2,'tt0843217',43,42,544),(484,3,'tt0847410',43,42,545),(485,4,'tt0845343',44,42,546),(486,5,'tt0847409',44,42,547),(487,6,'tt0865197',43,42,548),(488,7,'tt0866270',44,42,549),(489,8,'tt0861280',44,42,550),(490,9,'tt0866271',43,42,551),(491,10,'tt0876831',44,42,552),(492,11,'tt0882544',43,42,553),(493,12,'tt0882545',44,42,554),(494,13,'tt0900686',43,42,555),(495,14,'tt0909711',44,42,556),(496,15,'tt0922226',43,42,557),(497,16,'tt0921562',43,42,558),(498,17,'tt0934263',44,42,559),(499,18,'tt0959184',43,42,560),(500,19,'tt0928317',44,42,561),(501,20,'tt0963626',44,42,562),(502,21,'tt0972484',43,42,563),(503,22,'tt0974324',44,42,564),(504,1,'tt0994491',43,43,566),(505,2,'tt0994502',43,43,567),(506,3,'tt0994506',44,43,568),(507,4,'tt0994507',44,43,569),(508,5,'tt0994508',44,43,570),(509,6,'tt0994509',44,43,571),(510,7,'tt0994510',44,43,572),(511,8,'tt0994511',43,43,573),(512,9,'tt0994512',44,43,574),(513,10,'tt0994492',43,43,575),(514,11,'tt0994493',43,43,576),(515,12,'tt0994494',43,43,577),(516,13,'tt0994495',43,43,578),(517,1,'tt0994496',44,44,580),(518,2,'tt0994497',43,44,581),(519,3,'tt0994498',43,44,582),(520,4,'tt0994499',44,44,583),(521,5,'tt0994500',44,44,584),(522,6,'tt0994501',43,44,585),(523,7,'tt0994503',44,44,586),(524,8,'tt0994504',43,44,587),(525,9,'tt0994505',44,44,588),(526,10,'tt1224477',44,44,589),(527,11,'tt1224478',44,44,590),(528,12,'tt1224483',43,44,591),(529,13,'tt1224482',43,44,592),(530,14,'tt1224481',44,44,593),(531,15,'tt1224479',44,44,594),(532,16,'tt1224480',44,44,595),(533,17,'tt1349175',44,44,596),(534,18,'tt1349174',43,44,597),(535,19,'tt1361190',44,44,598),(536,20,'tt1368328',43,44,599),(537,21,'tt1395529',44,44,600),(538,22,'tt1394850',44,44,601),(539,1,'tt5537374',43,45,603),(540,2,'tt5562080',44,45,604),(541,3,'tt5562088',44,45,605),(542,4,'tt5564478',44,45,606),(543,5,'tt5577002',44,45,607),(544,6,'tt5577008',43,45,608),(545,7,'tt5577018',44,45,609),(546,8,'tt5577024',43,45,610),(547,9,'tt5538198',44,45,611),(548,1,'tt3097534',72,46,614),(549,2,'tt3296848',53,46,615),(550,3,'tt3519062',51,46,616),(551,4,'tt3578722',51,46,617),(552,5,'tt3514096',53,46,618),(553,6,'tt3551076',54,46,619),(554,7,'tt3578728',49,46,620),(555,8,'tt3468290',54,46,621),(556,9,'tt3599898',53,46,622),(557,10,'tt3599918',64,46,623),(558,1,'tt3836974',53,47,625),(559,2,'tt4001064',62,47,626),(560,3,'tt4001074',50,47,627),(561,4,'tt4001070',56,47,628),(562,5,'tt4001084',57,47,629),(563,6,'tt4001082',49,47,630),(564,7,'tt4001092',58,47,631),(565,8,'tt4001088',63,47,632),(566,9,'tt4001090',50,47,633),(567,10,'tt3886622',54,47,634),(568,1,'tt5223488',67,48,636),(569,2,'tt5273758',52,48,637),(570,3,'tt5273760',49,48,638),(571,4,'tt5273762',50,48,639),(572,5,'tt5273774',61,48,640),(573,6,'tt5273764',46,48,641),(574,7,'tt5273770',45,48,642),(575,8,'tt5273772',52,48,643),(576,9,'tt5273778',50,48,644),(577,10,'tt5273780',52,48,645);
/*!40000 ALTER TABLE `episode` ENABLE KEYS */;
UNLOCK TABLES;

--
-- Table structure for table `genre`
--

DROP TABLE IF EXISTS `genre`;
/*!40101 SET @saved_cs_client     = @@character_set_client */;
/*!40101 SET character_set_client = utf8 */;
CREATE TABLE `genre` (
  `id_genre` int(11) NOT NULL AUTO_INCREMENT,
  `genre` varchar(45) NOT NULL,
  PRIMARY KEY (`id_genre`)
) ENGINE=InnoDB AUTO_INCREMENT=44 DEFAULT CHARSET=utf8;
/*!40101 SET character_set_client = @saved_cs_client */;

--
-- Dumping data for table `genre`
--

LOCK TABLES `genre` WRITE;
/*!40000 ALTER TABLE `genre` DISABLE KEYS */;
INSERT INTO `genre` VALUES (1,'action'),(2,'adventure'),(3,'animation'),(4,'anime'),(5,'biography'),(6,'children'),(7,'comedy'),(8,'crime'),(9,'disaster'),(10,'documentary'),(11,'drama'),(12,'eastern'),(13,'family'),(14,'fan-film'),(15,'fantasy'),(16,'film-noir'),(17,'game-show'),(18,'history'),(19,'holiday'),(20,'home-and-garden'),(21,'horror'),(22,'indie'),(23,'mini-series'),(24,'music'),(25,'musical'),(26,'mystery'),(27,'news'),(28,'none'),(29,'reality'),(30,'road'),(31,'romance'),(32,'science-fiction'),(33,'short'),(34,'soap'),(35,'special-interest'),(36,'sporting-event'),(37,'sports'),(38,'suspense'),(39,'talk-show'),(40,'thriller'),(41,'tv-movie'),(42,'war'),(43,'western');
/*!40000 ALTER TABLE `genre` ENABLE KEYS */;
UNLOCK TABLES;

--
-- Table structure for table `media`
--

DROP TABLE IF EXISTS `media`;
/*!40101 SET @saved_cs_client     = @@character_set_client */;
/*!40101 SET character_set_client = utf8 */;
CREATE TABLE `media` (
  `id_media` int(11) NOT NULL AUTO_INCREMENT,
  `title` varchar(75) DEFAULT NULL,
  `tmdb` varchar(45) DEFAULT NULL,
  `overview` varchar(5000) DEFAULT NULL,
  `rating_trakt` decimal(4,2) DEFAULT NULL,
  `released` date DEFAULT NULL,
  `image_path` varchar(75) DEFAULT NULL,
  `category` int(11) NOT NULL,
  `rating` decimal(4,2) DEFAULT NULL,
  PRIMARY KEY (`id_media`)
) ENGINE=InnoDB AUTO_INCREMENT=646 DEFAULT CHARSET=utf8;
/*!40101 SET character_set_client = @saved_cs_client */;

--
-- Dumping data for table `media`
--

LOCK TABLES `media` WRITE;
/*!40000 ALTER TABLE `media` DISABLE KEYS */;
INSERT INTO `media` VALUES (1,'Wonder Woman','297762','An Amazon princess comes to the world of Man to become the greatest of the female superheroes.',7.62,'2017-06-02','/imekS7f1OuHyUP2LAiTEM0zBzUz.jpg',1,NULL),(2,'Transformers: The Last Knight','335988','Autobots and Decepticons are at war, with humans on the sidelines. Optimus Prime is gone. The key to saving our future lies buried in the secrets of the past, in the hidden history of Transformers on Earth.',7.22,'2017-06-23','/f8Ng1Sgb3VLiSwAvrfKeQPzvlfr.jpg',1,NULL),(3,'The Lost City of Z','314095','At the dawn of the 20th century, British explorer Percy Fawcett journeys into the Amazon, where he discovers evidence of a previously unknown, advanced civilization that may have once inhabited the region. Despite being ridiculed by the scientific establishment, which views indigenous populations as savages, the determined Fawcett, supported by his devoted wife, son, and aide-de-camp, returns to his beloved jungle in an attempt to prove his case.',6.45,'2017-04-21','/ik3ebv7J18fs6cHkmu91oxz7EGt.jpg',1,NULL),(4,'The Fate of the Furious','337339','When a mysterious woman seduces Dom into the world of crime and a betrayal of those closest to him, the crew face trials that will test them as never before.',7.63,'2017-04-14','/iNpz2DgTsTMPaDRZq2tnbqjL2vF.jpg',1,NULL),(5,'Kong: Skull Island','293167','Explore the mysterious and dangerous home of the king of the apes as a team of explorers ventures deep inside the treacherous, primordial island.',7.44,'2017-03-10','/r2517Vz9EhDhj88qwbDVj8DCRZN.jpg',1,NULL),(6,'CHiPS','417644','The adventures of two California Highway Patrol motorcycle officers as they make their rounds on the freeways of Los Angeles.',7.35,'2017-03-24','/5HqRLIGVNdet68CEO8N5MVx02i6.jpg',1,NULL),(7,'The Boss Baby','295693','A story about how a new baby\'s arrival impacts a family, told from the point of view of a delightfully unreliable narrator, a wildly imaginative 7 year old named Tim.',7.58,'2017-03-31','/unPB1iyEeTBcKiLg8W083rlViFH.jpg',1,NULL),(8,'King Arthur: Legend of the Sword','274857','When the child Arthur’s father is murdered, Vortigern, Arthur’s uncle, seizes the crown. Robbed of his birthright and with no idea who he truly is, Arthur comes up the hard way in the back alleys of the city. But once he pulls the sword Excalibur from the stone, his life is turned upside down and he is forced to acknowledge his true legacy... whether he likes it or not.',7.41,'2017-04-27','/qyXPqzlCWf3T9VEpBtquUQZwsgi.jpg',1,NULL),(9,'Logan','263115','In the near future, a weary Logan cares for an ailing Professor X in a hideout on the Mexican border. But Logan\'s attempts to hide from the world and his legacy are upended when a young mutant arrives, pursued by dark forces.',7.84,'2017-03-03','/9EXnebqbb7dOhONLPV9Tg2oh2KD.jpg',1,NULL),(10,'Moana','277834','In Ancient Polynesia, when a terrible curse incurred by Maui reaches an impetuous Chieftain\'s daughter\'s island, she answers the Ocean\'s call to seek out the demigod to set things right.',8.06,'2016-11-23','/z4x0Bp48ar3Mda8KiPD1vwSY3D8.jpg',1,NULL),(11,'Game of Thrones','1399','Seven noble families fight for control of the mythical land of Westeros. Friction between the houses leads to full-scale war. All while a very ancient evil awakens in the farthest north. Amidst the war, a neglected military order of misfits, the Night\'s Watch, is all that stands between the realms of men and the icy horrors beyond.',9.37,'2011-04-17','/gwPSoYUHAKmdyVywgLpKKA4BjRr.jpg',2,NULL),(12,'Season 1','1399',NULL,9.16,'2011-04-18','/olJ6ivXxCMq3cfujo1IRw30OrsQ.jpg',3,NULL),(13,'Winter Is Coming','1399','Ned Stark, Lord of Winterfell learns that his mentor, Jon Arryn, has died and that King Robert is on his way north to offer Ned Arryn’s position as the King’s Hand. Across the Narrow Sea in Pentos, Viserys Targaryen plans to wed his sister Daenerys to the nomadic Dothraki warrior leader, Khal Drogo to forge an alliance to take the throne.',8.18,'2011-04-18','/wrGWeW4WKxnaeA8sxJb2T9O6ryo.jpg',4,NULL),(14,'The Kingsroad','1399','Having agreed to become the King’s Hand, Ned leaves Winterfell with daughters Sansa and Arya, while Catelyn stays behind in Winterfell. Jon Snow heads north to join the brotherhood of the Night’s Watch. Tyrion decides to forego the trip south with his family, instead joining Jon in the entourage heading to the Wall. Viserys bides his time in hopes of winning back the throne, while Daenerys focuses her attention on learning how to please her new husband, Drogo.',8.18,'2011-04-25','/icjOgl5F9DhysOEo6Six2Qfwcu2.jpg',4,NULL),(15,'Lord Snow','1399','Arriving at King’s Landing, Ned is shocked to learn of the Crown’s profligacy from his new advisors. At Castle Black, Jon Snow impresses Tyrion at the expense of greener recruits. Suspecting the Lannisters had a hand in Bran’s fall, Catelyn covertly follows her husband to King’s Landing, where she is intercepted by Petyr Baelish, a.k.a. “Littlefinger,” a shrewd longtime ally and brothel owner. Cersei and Jaime ponder the implications of Bran’s recovery; Arya studies swordsmanship. On the road to Vaes Dothrak, Daenerys finds herself at odds with Viserys.',8.12,'2011-05-02','/4vCYVtIhiYSUry1lviA7CKPUB5Z.jpg',4,NULL),(16,'Cripples, Bastards, and Broken Things','1399','Ned looks for clues to the death of his predecessor, and uncovers one of King Robert’s bastards. Robert and his guests witness a tournament honoring Ned. Jon takes measures to protect Sam from further abuse at Castle Black; a frustrated Viserys clashes with Daenerys in Vaes Dothrak; Sansa imagines her future as a queen, while Arya envisions a far different future. Catelyn rallies her husband’s allies to make a point, while Tyrion finds himself caught in the wrong place at the wrong time.',8.17,'2011-05-09','/a4tO7cgpv9IkatqAsv5k20zzlyi.jpg',4,NULL),(17,'The Wolf and the Lion','1399','Incensed over news of Daenerys’ alliance with the Dothrakis, Robert orders a preemptive strike on the Targaryens that drives a wedge in his relationship with Ned. A captive Tyrion helps Catelyn, but receives a cold reception at the Eyrie from her sister, Jon Arryn’s widow Lysa. Sansa is charmed by the dashing Ser Loras Tyrell, a.k.a. the Knight of Flowers. Arya overhears a plot against her father.',8.19,'2011-05-16','/qS3CHz3AKaC6WhlxQuEXPdrEPjg.jpg',4,NULL),(18,'A Golden Crown','1399','Reinstated as the Hand, Ned sits for the King while Robert is on a hunt. Ned issues a decree that could have long-term consequences throughout the Seven Kingdoms. At the Eyrie, Tyrion confesses to his \"crimes,\" and demands that Lysa give him a trial by combat. Joffrey apologizes to Sansa. Viserys receives his final payment for Daenerys from Drogo.',8.38,'2011-05-23','/AqtTrDIHKB6USFUUxLiIWJ6LTes.jpg',4,NULL),(19,'You Win or You Die','1399','Explaining that the future of the Lannisters is at stake, Tywin presses Jaime to “be the man you were meant to be” as they prepare for battle. Ned confronts Cersei about the secrets that killed Jon Arryn. With the fate of the missing Benjen very much on his mind, Jon takes his Night’s Watch vows, though not with the assignment he coveted. After Ser Jorah saves Daenerys from treachery, an enraged Drogo vows to lead the Dothraki where they’ve never gone before. An injured Robert takes pains to ensure an orderly transition at King’s Landing.',8.36,'2011-05-30','/l0d3WVs99QZPoxrOGuk21mV5NSp.jpg',4,NULL),(20,'The Pointy End','1399','In the aftermath of Ned\'s capture, Syrio and Arya face off against Lannister guards, while Cersei manipulates Sansa to her own ends. Robb rallies his father\'s northern allies against Tywin Lannister and heads south to war. Tyrion forms an uneasy alliance with the hill tribes and reunites with his father. Jon lashes out at Ser Alliser Thorne and battles a mysterious attacker from beyond the Wall. Dany is forced to reconcile her desire to conquer Westeros with Drogo\'s savagery after the Dothraki raid a peaceful village.',8.21,'2011-06-06','/9ZvT1IZPcC11eiCByOzqQvC3CCR.jpg',4,NULL),(21,'Baelor','1399','With Sansa\'s life in danger, Ned makes a fateful decision. Catelyn brokers an unsavory deal with the slippery Walder Frey. Tyrion acquires a mistress and is forced by his father to fight on the front lines. Robb wins his first major victory and captures a prized prisoner. Jon is rewarded for his valor and discovers a dark secret about Maester Aemon. As Drogo\'s wound festers, Dany defies her bloodrider Qotho and puts her trust in the enslaved witch Mirri Maz Duur.',8.45,'2011-06-13','/41zQhAxoccalbhcd1udPIPJVTt1.jpg',4,NULL),(22,'Fire and Blood','1399','As tragic news spreads across the Seven Kingdoms, Bran and Rickon share a prophetic dream, Catelyn interrogates Jamie about her son\'s fall, and Robb\'s destiny is forever changed. After a surprising decision by his father, Tyrion heads south. Arya assumes a new identity in an attempt to escape King\'s Landing, and Sansa is terrorized by Joffrey. At the Wall, Jon is forced to choose between the Night\'s Watch and the family he left behind. Across the sea, Dany pays a terrible price for her love, but finds new hope.',8.68,'2011-06-20','/88loh1qyi8vwJO8qH1SdQRsHKNI.jpg',4,NULL),(23,'Season 2','1399',NULL,9.12,'2012-04-02','/5tuhCkqPOT20XPwwi9NhFnC1g9R.jpg',3,NULL),(24,'The North Remembers','1399','As Robb Stark and his northern army continue the war against the Lannisters, Tyrion arrives in King’s Landing to counsel Joffrey and temper the young king’s excesses.  On the island of Dragonstone, Stannis Baratheon plots an invasion to claim his late brother’s throne, allying himself with the fiery Melisandre, a strange priestess of a stranger god.  Across the sea, Daenerys, her three young dragons, and the khalasar trek through the Red Waste in search of allies, or water.  In the North, Bran presides over a threadbare Winterfell, while beyond the Wall, Jon Snow and the Night’s Watch must shelter with a devious wildling.',8.24,'2012-04-02','/psRgsLrTrEKS0YGuP1H3BCfhzhh.jpg',4,NULL),(25,'The Night Lands','1399','In the wake of a bloody purge in the capital, Tyrion chastens Cersei for alienating the king’s subjects.  On the road north, Arya shares a secret with Gendry, a Night’s Watch recruit.  With supplies dwindling, one of Dany’s scouts returns with news of their position.  After nine years as a Stark ward, Theon Greyjoy reunites with his father Balon, who wants to restore the ancient Kingdom of the Iron Islands.  Davos enlists Salladhor Saan, a pirate, to join forces with Stannis and Melisandre for a naval invasion of King’s Landing.',8.16,'2012-04-09','/8ywfRTCSZUSummwvKky7V4DZJru.jpg',4,NULL),(26,'What is Dead May Never Die','1399','At the Red Keep, Tyrion plots three alliances through the promise of marriage.  Catelyn arrives in the Stormlands to forge an alliance of her own, but King Renly, his new wife Margaery, and her brother Loras Tyrell have other plans.  At Winterfell, Luwin tries to decipher Bran’s dreams.',8.19,'2012-04-16','/wjNzQfeb31KpKGuawX3JET8YexZ.jpg',4,NULL),(27,'Garden of Bones','1399','Joffrey punishes Sansa for Robb’s victories, and Tyrion scrambles to temper the king’s cruelty. Catelyn entreats Stannis and Renly to unite against the Lannisters. Dany and her khalasar arrive at the prosperous city of Qarth. Tyrion coerces a relative into being his eyes and ears. Arya and Gendry are taken to Harrenhal, where their lives are in the hands of Ser Gregor Clegane. Stannis orders Davos to smuggle Melisandre into a secret cove.',8.18,'2012-04-23','/4j2j97GFao2NX4uAtMbr0Qhx2K2.jpg',4,NULL),(28,'The Ghost of Harrenhal','1399','The Baratheon rivalry ends, driving Catelyn to flee and Littlefinger to act. At King’s Landing, Tyrion’s source alerts him to Joffrey’s defense plan - and a mysterious secret weapon. Theon sails to the Stony Shore to prove he’s worthy to be called Ironborn. At Harrenhal, Arya receives a promise from Jaqen H’ghar, one of the prisoners she saved from the Gold Cloaks. The Night’s Watch arrive at the Fist of the First Men, an ancient ringfort where they hope to stem the wildings\' advance.',8.19,'2012-04-30','/h7HHSQtEyf7cNBYR2G9DjQ78EgV.jpg',4,NULL),(29,'The Old Gods and the New','1399','Theon completes his master stroke. In King\'s Landing, the Lannisters send Myrcella off to be married. Arya comes face to face with a surprise visitor. Dany vows to take what is hers. Robb and Catelyn receive crucial news. Qhorin gives Jon a chance to prove himself.',8.24,'2012-05-07','/o3tRgIZtnv1hAeBBZYxyBss8Xta.jpg',4,NULL),(30,'A Man Without Honor','1399','Jamie meets a distant relative. Daenerys receives an invitation to the House of the Undying. Theon leads a search party. Jon loses his way in the wilderness. Cersei counsels Sansa.',8.21,'2012-05-14','/d7hTn2ltWb9RMXLycP1TSQTIPG8.jpg',4,NULL),(31,'The Prince of Winterfell','1399','Theon receives a visitor. Arya asks her third and last death from Jaqen. While Stannis\' army is reaching its destination, Davos is offered a reward.  Betrayal befalls Robb.',8.14,'2012-05-21','/cDgJzu2sI4t8BnLGDKsQklv1aCA.jpg',4,NULL),(32,'Blackwater','1399','Tyrion and the Lannisters fight for their lives as Stannis’ fleet assaults King’s Landing.',8.60,'2012-05-28','/c3hoOyXyQpd7gK1eM6Rar1dTxzA.jpg',4,NULL),(33,'Valar Morghulis','1399','Tyrion awakens to a changed situation. King Joffrey doles out rewards to his subjects. As Theon stirs his men to action, Luwin offers some final advice. Brienne silences Jaime. Arya receives a gift from Jaqen. Dany goes to a strange place. Jon proves himself to Qhorin.',8.57,'2012-06-04','/u46jn12qEyaCOe1oqJBwPvL5d7R.jpg',4,NULL),(34,'Season 3','1399',NULL,9.20,'2013-04-01','/7d3vRgbmnrRQ39Qmzd66bQyY7Is.jpg',3,NULL),(35,'Valar Dohaeris','1399','Jon meets the King-Beyond-the-Wall while his Night Watch Brothers flee south. In King\'s Landing, Tyrion wants a reward, Margaery shows her charitable nature, Cersei arranges a dinner party, and Littlefinger offers to help Sansa. Across the Narrow Sea, Daenerys starts her journey west.',8.29,'2013-04-01','/3ZerJvXQXcM3tygHRkPTDbbK0hw.jpg',4,NULL),(36,'Dark Wings, Dark Words','1399','Sansa says too much. Shae asks Tyrion for a favor. Jaime finds a way to pass the time, while Arya encounters the Brotherhood Without Banners.',8.12,'2013-04-08','/o8yL7mNZenG9W8398AcfH7veRB4.jpg',4,NULL),(37,'Walk of Punishment','1399','Tyrion shoulders new responsibilities. Jon is taken to the Fist of the First Men. Daenerys meets with the slavers. Jaime strikes a deal with his captors.',8.22,'2013-04-15','/u2DZ4uvnM46KpAb2RPc5TM9tZJq.jpg',4,NULL),(38,'And Now His Watch Is Ended','1399','Trouble brews among the Night\'s Watch at Craster\'s. Margaery takes Joffrey out of his comfort zone. Arya meets the leader of the Brotherhood. Varys plots revenge on an old foe. Theon mournfully recalls his missteps. Daenerys deftly orchestrates her exit from Astapor.',8.67,'2013-04-22','/jPlIqgPG2PQET2CMfz297Et0Fbb.jpg',4,NULL),(39,'Kissed by Fire','1399','The Hound is judged by the gods. Jaime is judged by men. Jon proves himself. Robb is betrayed. Tyrion learns the cost of weddings.',8.20,'2013-04-29','/d2b1CWsWCKMt5IpNXKgJfE4fjxj.jpg',4,NULL),(40,'The Climb','1399','Tywin plans strategic unions for the Lannisters. Melisandre pays a visit to the Riverlands. Robb weighs a compromise to repair his alliance with House Frey. Roose Bolton decides what to do with Jaime Lannister. Jon, Ygritte, and the Wildlings face a daunting climb.',8.17,'2013-05-06','/a5ifsts2r9znJO1xQ1NnuYqdbM2.jpg',4,NULL),(41,'The Bear and the Maiden Fair','1399','Daenerys exchanges gifts with a slave lord outside of Yunkai. As Sansa frets about her prospects, Shae chafes at Tyrion’s new situation. Tywin counsels the king, and Melisandre reveals a secret to Gendry. Brienne faces a formidable foe in Harrenhal.',8.23,'2013-05-13','/27NIMz6XTGcZM0jsI1gk0BNjHvM.jpg',4,NULL),(42,'Second Sons','1399','King’s Landing hosts a wedding, and Tyrion and Sansa spend the night together. Daenerys meets the Titan’s Bastard. Davos demands proof from Melisandre. Sam and Gilly meet an older gentleman.',8.31,'2013-05-20','/m4Fs1dVNux8wgdSpLokaFHtmOCR.jpg',4,NULL),(43,'The Rains of Castamere','1399','Robb presents himself to Walder Frey, and Edmure meets his bride. Jon faces his harshest test yet. Bran discovers a new gift. Daario and Jorah debate how to take Yunkai. House Frey joins with House Tully.',8.82,'2013-06-03','/27NyMAUv5Yfb3pyd3kFy9Ge7n8s.jpg',4,NULL),(44,'Mhysa','1399','Joffrey challenges Tywin. Bran tells a ghost story. In Dragonstone, mercy comes from strange quarters. Daenerys waits to see if she is a conqueror or a liberator.',8.46,'2013-06-10','/yeQwl3ZN8ZMqGvifMGWz2oCEPZ5.jpg',4,NULL),(45,'Season 4','1399',NULL,9.18,'2014-04-07','/dniQ7zw3mbLJkd1U0gdFEh4b24O.jpg',3,NULL),(46,'Two Swords','1399','Tyrion welcomes a surprise guest to King’s Landing for the royal wedding, but fears he’s come to the Red Keep for something else. Meanwhile, Jon warns his skeptical Night’s Watch superiors about an impending attack. Jaime struggles to regain his status at home. Arya encounters a face from her past, and Daario Naharis discusses strategy with Daenerys on the journey to the slave city Meereen.',8.45,'2014-04-07','/5g2n9uGbEJKGn5SgO1se5kVoevR.jpg',4,NULL),(47,'The Lion and the Rose','1399','A who’s who of honored guests turns out for Joffrey and Margaery’s wedding in King’s Landing, but the king’s taste in entertainment rubs many of them the wrong way. Meanwhile, Bronn gives a lesson to an unlikely pupil; Bran’s vision helps map out his journey; Stannis loses patience with Davos; and Ramsay takes a perverse delight in his new pet.',8.80,'2014-04-14','/fIyK75aaNngpbXLJWDEJYhwtzDj.jpg',4,NULL),(48,'Breaker of Chains','1399','In the frenzied aftermath of the royal wedding, Tyrion gets a visit from a loyal subject, but wonders if anyone in his family will help him out of his current predicament. Meanwhile, Tywin offers to work for the common good with a presumed enemy. Sam takes stock of the personnel at Castle Black. The Hound gives another life lesson to Arya, and Daenerys makes a decision outside the walls of Meereen.',8.35,'2014-04-21','/pgwGxEDIv1XyB5TcJcJM7EMLWiX.jpg',4,NULL),(49,'Oathkeeper','1399','Jon welcomes volunteers. Bran, Jojen, Meera and Hodor seek shelter. Jaime and Brienne discuss his honor. Daenerys balances justice and mercy.',8.21,'2014-04-28','/2h2dtlA6U0Imc3VSq5YlpAif9Qz.jpg',4,NULL),(50,'First of His Name','1399','Jon starts a new mission. Cersei and Tywin consider the next move for the Crown. Daenerys makes plans for the future after hearing the latest news from King\'s Landing. Lord Baelish and Sansa reach their destination.',8.10,'2014-05-05','/AakvWcPHDwrEML6mwvz4I0hzp3l.jpg',4,NULL),(51,'The Laws of Gods and Men','1399','Tyrion faces his father in the throne room. Stannis and Davos put their faith in a new strategy. Daenerys\' sphere of influence expands.',8.59,'2014-05-12','/vKt9b7HNYhwM91C7S53zPsAWfT3.jpg',4,NULL),(52,'Mockingbird','1399','Tyrion gains an unlikely ally. Daario asks Daenerys to allow him to do what he does best. Jon\'s warnings about the vulnerability of the Wall are ignored. Brienne follows a new lead. Arya and The Hound come across Rorge. Sansa discovers Littlefinger\'s true intentions for The Eyrie.',8.43,'2014-05-19','/r7u0uELPyDkNnBZzAFVvw1XJKo5.jpg',4,NULL),(53,'The Mountain and the Viper','1399','Unexpected visitors arrive in Mole\'s Town. Sam questions his decision regarding Gilly. Littlefinger\'s motives are questioned. Sansa is interrogated by Lord Royce. Arya and The Hound arrive at the Bloody Gate. Ramsay tries to prove himself to his father. Tyrion\'s fate is decided.',8.68,'2014-06-02','/B5ttTcMjq7YzgKcCzhb6ggJT03.jpg',4,NULL),(54,'The Watchers on the Wall','1399','The Night\'s Watch attempts to defend Castle Black against Mance Rayder\'s massive wildling army, who plan to siege the fortress from the north, while a secret garrison of wildlings, including Ygritte, are poised to launch a surprise attack from the south.',8.51,'2014-06-09','/90jIL7o1zVMWNiXUUFDQnisgEq7.jpg',4,NULL),(55,'The Children','1399','Circumstances change after an unexpected arrival from north of the Wall. Daenerys must face harsh realities. Bran learns more about his destiny. Tyrion sees the truth about his situation.',8.71,'2014-06-16','/qi538fri8dTMMUV0MS1MSrFgo48.jpg',4,NULL),(56,'Season 5','1399','The War of the Five Kings, once thought to be drawing to a close, is instead entering a new and more chaotic phase. Westeros is on the brink of collapse, and many are seizing what they can while the realm implodes, like a corpse making a feast for crows.',8.51,'2015-04-13','/yKOltUHsp9X7dXWIm0hNGcIQa4G.jpg',3,NULL),(57,'The Wars to Come','1399','Cersei and Jaime adjust to a world without Tywin; Varys reveals a conspiracy to Tyrion; Daenerys faces a new threat to her rule; Jon is caught between two kings.',8.02,'2015-04-13','/shIFxmFySt9CtGXMTXWBipsNOIs.jpg',4,NULL),(58,'The House of Black and White','1399','Arya arrives in Braavos; Podrick and Brienne run into trouble on the road; Cersei fears for her daughter\'s safety in Dorne as Ellaria Sand seeks revenge for Oberyn\'s death. Stannis tempts Jon; an adviser tempts Daenerys.',7.93,'2015-04-20','/pVTafj1pKhXh5aGZItOSDtgBZuc.jpg',4,NULL),(59,'High Sparrow','1399','In Braavos, Arya sees the Many-Faced God; In King\'s Landing, Queen Margaery enjoys her new husband; Tyrion and Varys walk the Long Bridge of Volantis.',7.88,'2015-04-27','/5b6eUi2w12ao24ug8cL5QqJFKig.jpg',4,NULL),(60,'Sons of the Harpy','1399','The Faith Militant grow increasingly aggressive. Jaime and Bronn head south. Ellaria and the Sand Snakes vow vengeance.',7.97,'2015-05-04','/eaHkOeGsaznmgru8z3ECiosZAAh.jpg',4,NULL),(61,'Kill the Boy','1399','Daenerys makes a difficult decision in Meereen; Jon recruits the help of an unexpected ally; Brienne searches for Sansa; Theon remains under Ramsay’s control.',7.89,'2015-05-11','/6OBLxmCseaeLwpKO9wN3oqPMDHQ.jpg',4,NULL),(62,'Unbowed, Unbent, Unbroken','1399','Arya trains. Jorah and Tyrion run into slavers. Trystane and Myrcella make plans. Jaime and Bronn reach their destination. The Sand Snakes attack.',7.67,'2015-05-18','/siGoOvAqTTyojNHpfR8wilIoBjf.jpg',4,NULL),(63,'The Gift','1399','Jon prepares for conflict. Sansa tries to talk to Theon. Brienne waits for a sign. Stannis remains stubborn. Jaime attempts to reconnect with family.',8.02,'2015-05-25','/3z3TxpfUwG7MWIXbx58zJNgxWg7.jpg',4,NULL),(64,'Hardhome','1399','Arya makes progress in her training. Sansa confronts an old friend. Cersei struggles. Jon travels.',8.73,'2015-06-01','/zIrSrXU4zOArlVYnXFxxfKDYYY2.jpg',4,NULL),(65,'The Dance of Dragons','1399','Stannis confronts a troubling decision. Jon returns to The Wall. Mace visits the Iron Bank. Arya encounters someone from her past. Daenerys reluctantly oversees a traditional celebration of athleticism. ',8.48,'2015-06-08','/j7oyJI76rmn83WrczewkiqO5hh6.jpg',4,NULL),(66,'Mother\'s Mercy','1399','Stannis marches on Winterfell. With Daenerys missing, Meereen has to find a new custodian. Cersei seeks forgiveness for her sins. Jon deals with life back behind the wall.',8.35,'2015-06-15','/b5dIepsIO3robQSe18fWmsQe37R.jpg',4,NULL),(67,'Season 6','1399','Nach den schockierenden Entwicklungen am Ende der fünften Staffel, einschließlich Jon Schnees blutigem Schicksal, Daenerys knapper Flucht aus der Arena von Mereen und Cerseis öffentlicher Demütigung in den Straßen von Königsmund, formieren sich die Überlebenden aus allen Teilen von Westeros und Essos neu, um unerbittlich ihrem ungewissen Schicksal nachzujagen. Altbekannte Figuren werden neue Allianzen schmieden, um ihre Überlebenschancen zu erhöhen, während neue Gesichter das Gleichgewicht der Mächte im Osten, Westen, Norden und Süden ins Wanken bringen.',8.96,'2016-04-25','/zvYrzLMfPIenxoq2jFY4eExbRv8.jpg',3,NULL),(68,'The Red Woman','1399','Jon Snow is dead. Daenerys meets a strong man. Cersei sees her daughter again.',8.06,'2016-04-25','/wUT1usesyneAJee4wzxxu6pfOKY.jpg',4,NULL),(69,'Home','1399','Bran trains with the Three-Eyed Raven. In King’s Landing, Jaime advises Tommen. Tyrion demands good news, but has to make his own. At Castle Black, the Night’s Watch stands behind Thorne. Ramsay Bolton  proposes a plan, and Balon Greyjoy entertains other proposals.',8.37,'2016-05-02','/9JlZ6sOXf4nodwWYvoM5zCJIGm9.jpg',4,NULL),(70,'Oathbreaker','1399','Daenerys meets her future. Bran meets the past. Tommen confronts the High Sparrow. Arya trains to be No One. Varys finds an answer. Ramsay gets a gift.\n',8.10,'2016-05-09','/hTRefrtVbPvTP7xA1e0EjU5ioVf.jpg',4,NULL),(71,'Book of the Stranger','1399','Tyrion strikes a deal. Jorah and Daario undertake a difficult task. Jaime and Cersei try to improve their situation.',8.39,'2016-05-16','/ieuk4jZv1vFi8yxrGiL1wrtRT7P.jpg',4,NULL),(72,'The Door','1399','Tyrion seeks a strange ally. Bran learns a great deal. Brienne goes on a mission. Arya is given a chance to prove herself.',8.49,'2016-05-23','/rqPtGylElBAud1BBZpyOq7MQ6Ak.jpg',4,NULL),(73,'Blood of My Blood','1399','An old foe comes back into the picture. Gilly meets Sam’s family. Arya faces a difficult choice. Jaime faces off against the High Sparrow.',8.07,'2016-05-30','/k01MUth8Xm2y79nvsQ3UF25SN9w.jpg',4,NULL),(74,'The Broken Man','1399','The High Sparrow eyes another target. Jaime confronts a hero. Arya makes a plan. The North is reminded.',7.97,'2016-06-06','/pGYURx0nKsYcSNrRpmnJ5BaHcKs.jpg',4,NULL),(75,'No One','1399','While Jaime weighs his options, Cersei answers a request. Tyrion’s plans bear fruit. Arya faces a new test.',8.09,'2016-06-13','/7CrDDELasQYT2gienzYAPRjYbL9.jpg',4,NULL),(76,'Battle of the Bastards','1399','Jon Snow and Ramsay Bolton battle for Winterfell. In Mereen Daenerys deals with old foes and new alliances.',8.97,'2016-06-20','/qb302fko45T0TvgsFa12IbSiq2P.jpg',4,NULL),(77,'The Winds of Winter','1399','Cercei and Loras are about to face their trial. In Winterfell Davos confronts Melisandre. Bran has another glimpse into the past. Daenery makes a decicion before leaving Mereen. \n\nAnd winter has come.',8.90,'2016-06-27','/m8vzoOKnjzFG8M5iprtweQEQzrW.jpg',4,NULL),(78,'Season 7','1399',NULL,9.20,NULL,'/19NPjmN6o3QGYfu8WnzgDSx75Ov.jpg',3,NULL),(79,'TBA','1399',NULL,9.20,'2017-07-17',NULL,4,NULL),(80,NULL,'1399',NULL,7.67,'2017-07-24',NULL,4,NULL),(81,NULL,'1399',NULL,7.86,'2017-07-31',NULL,4,NULL),(82,NULL,'1399',NULL,7.57,'2017-08-07',NULL,4,NULL),(83,NULL,'1399',NULL,8.20,'2017-08-14',NULL,4,NULL),(84,NULL,'1399',NULL,8.50,'2017-08-21',NULL,4,NULL),(85,NULL,'1399',NULL,8.50,'2017-08-28',NULL,4,NULL),(86,'Doctor Who','57243','The Doctor is an alien Time Lord from the planet Gallifrey who travels through all of time and space in his TARDIS. He has a long list of friends and companions who have shared journeys with him. Instead of dying, the Doctor is able to “regenerate” into a new body, taking on a new personality with each regeneration. Twelve actors, plus John Hurt, have played The Doctor thus far.',9.04,'2005-03-26','/cFcZYgPRFZdBkA7EsxHz5Cb8x5.jpg',2,NULL),(87,'Season 1','57243',NULL,8.21,'2005-03-26','/9Jt2FFCAME7eHDC28r4qCHErhhF.jpg',3,NULL),(88,'Rose','57243','Location: London, England\nDate: 4th/5th/6th March 2005\nEnemy: Nestene Consciousness\n\nRose Tyler stumbles across a man called The Doctor as he seeks out the Nestene Consciousness, to prevent the living plastic it is controlling from taking over the world.',7.68,'2005-03-26','/irTDkbtPQ4aM9YQw1uEevzk5rSz.jpg',4,NULL),(89,'The End of the World','57243','Location: Platform 1 (A space station orbiting Earth)\nDate: 5,000,000,000 AD\nEnemy: The Lady Cassandra\n\nThe Doctor takes Rose on her first voyage through time: to the year five billion, when the Sun is about to expand and swallow the Earth. She is cautious and soon starts to question her reasons for joining The Doctor. But amongst the powerful alien races gathering to watch on Platform One, a murderer is at work. Who is controlling the mysterious and deadly metal spiders?',7.81,'2005-04-02','/hg7IMOwTe5zV89CjcoOv0tJFZe6.jpg',4,NULL),(90,'The Unquiet Dead','57243','Location: Cardiff, Wales\nDate: 24th December, 1869\nEnemy: The Gelth\n\nThe Doctor plans to take Rose back through time to Naples, 1860, but instead they arrive in Cardiff, 1869. In Victorian Cardiff, the dead are walking and creatures made of gas are on the loose. The time-travellers team up with Charles Dickens to investigate Mr Sneed, the local undertaker, who\'s hiding a very big secret. However, this time, The Doctor won\'t be able to save everyone.',7.62,'2005-04-09','/l3oSyFTBXYVSRMNXBEC2u40Jw60.jpg',4,NULL),(91,'Aliens of London (1)','57243','Location: London, Earth\nDate: March, 2006\nEnemy: Slitheen\n\nThe  Doctor and Rose return to modern-day Earth, only to find it has been a year since Rose first set off, and everyone thought she was missing, presumed dead. Whilst there, a spaceship crashes into Big Ben and lands in the Thames. Soon, all is not as it seems with the residents of 10 Downing Street.',7.54,'2005-04-16','/cCmY8qKoI88FMuZaQ8GzYMQxDWt.jpg',4,NULL),(92,'World War Three (2)','57243','Location: London, Earth\nDate: March, 2006\nEnemy: Slitheen\n\nWith the Doctor, Rose, and MP Harriet Jones trapped inside Downing Street, the Slitheen make their move: Nuclear Warfare. If the human race is obliterated, the Earth can be sold on the Galactic Black Market for a very reasonable price. It\'s up to the Doctor to defeat the Slitheen before the entire population of the Earth is wiped out. But will he have to make the ultimate sacrifice: Rose Tyler...?',7.49,'2005-04-23','/oMyzp40ovZV0OKOcMcLSoV0WMVV.jpg',4,NULL),(93,'Dalek','57243','Location: Utah, Earth\nDate: 2012\nEnemy: Dalek\n\nThe Doctor and Rose find themselves in an underground museum in Utah in the year 2012. The museum houses all kinds of extra-terrestrial artefacts the only living exhibit being one of the Doctor\'s oldest enemies - a Dalek. But soon after, it escapes from its \"torture chamber,\" and goes on a killing spree. Will Rose be one of the victims?',8.26,'2005-04-30','/go14P6iykl0fnkXVD4RXRI08Bk1.jpg',4,NULL),(94,'The Long Game','57243','Location: Satellite 5\nDate: 200,000\nEnemy: The Editor, Jagrafess\n\nThe Doctor, Rose and Adam arrive in the year 200,000 on a broadcasting station that transmits programming to Earth. But soon, trouble is afoot, when they discover that any worker promoted to a position on level 500 never returns. The Doctor and Rose attempt to find out what is happening, whilst Adam investigates part of the station himself, and makes a decision that he\'s going to regret for the rest of his life.',7.75,'2005-05-07','/fiGTKcv29xHiy5sjyW11k5RzNEN.jpg',4,NULL),(95,'Father\'s Day','57243','Location: London, Earth\nDate: 1986\nEnemy: The Reapers\n\nRose requests a trip back to the day her father, Pete Tyler, died. Reluctantly, the Doctor agrees, but he realises he has made a mistake, when Rose saves Pete from being run over by a car. This has now changed the timeline, and Reapers are transposing themselves all over the Universe. However, this time, the Doctor doesn\'t have a plan…',8.07,'2005-05-14','/5PQa7xD2iL7BkBlF8JNZyCgWefI.jpg',4,NULL),(96,'The Empty Child (1)','57243','Location: London, England\nDate: 1941\nEnemy: The Empty Child\n\nAfter chasing an unexplained capsule through time, the TARDIS lands in London, during an air raid. Rose investigates when a small child wearing a gasmask, standing on a rooftop, continuously calls out for his mummy. After floating above the city on a barrage balloon, Rose is swept off her feet by another time traveller – Captain Jack Harkness. Meanwhile, The Doctor follows a teenaged girl to a meeting of the homeless children of the Blitz. Here, the child in the gasmask is terrorising them with a parade of strange events, constantly asking for his mother.',8.58,'2005-05-21','/4JwPlEI4qWbnQVX1TlZNlUAyHcB.jpg',4,NULL),(97,'The Doctor Dances (2)','57243','Location: London, England\nDate: 1941\nEnemy: The Empty Child, Nanogenes\n\nAfter narrowly escaping the gas mask monsters, The Doctor, Rose, and Captain Jack try to stop the mutated people from infecting other victims. But it soon becomes apparent that one of the group may indirectly responsible for the virus. The answer lies at the bomb site, but time is running out...',8.58,'2005-05-28','/yE8fusMqHwGHdCDi9lNMBuSYXUT.jpg',4,NULL),(98,'Boom Town','57243','Location: Cardiff, Wales\nDate: 2006\nEnemy: Margaret Blaine (Blon Fel Fotch Pasameer-Day Slitheen)\n\nThe Doctor, Rose and Captain Jack stop off in present-day Cardiff to recharge the TARDIS on the Rift they formerly encountered in 1869. Whilst there, they come upon a since-thought-long-dead enemy of theirs, who is hatching yet another plan to destroy Earth.',7.68,'2005-06-04','/t9ossMxqe5WVBvGkaWA8ReO4Xnu.jpg',4,NULL),(99,'Bad Wolf (1)','57243','Location: The Gamestation (Satellite 5)\nDate: 200,100\nEnemy: The Games, The Daleks\n\nIn a seemingly futuristic world, the Doctor wakes up in the Big Brother house during an eviction, Rose wakes up on the Weakest Link with the Anne-Droid, and Captain Jack gets a make over with Trin-E and Zu-Zana. But something unusual is happening, and the losing contestants are being disintergrated. Obviously, it\'s time for the Doctor to investigate. There could be only one monster behind this - the Daleks!',8.48,'2005-06-11','/wvKyXn0WGmR32KCsRaRPbKKzCW1.jpg',4,NULL),(100,'The Parting of the Ways (2)','57243','Location: The Gamestation (Satellite 5)\nDate: 200,100\nEnemy: Emperor Dalek, The Daleks\n\nThe fate of the Universe is hanging in the balance as the Dalek fleet begin their invasion of Earth. The Doctor must decide whether to sacrifice every human being on Earth in order to save every other living creature in the universe from the Daleks. Either way, he knows he must send Rose home...',8.78,'2005-06-18','/umvpeUdQ4WrkRq5YXWtwU7k0zDx.jpg',4,NULL),(101,'Season 2','57243',NULL,8.68,'2006-04-15','/oXVmsIkZCgJDNcZJJxzvV7zwyb1.jpg',3,NULL),(102,'New Earth','57243','Location: New Earth\nDate: 5,000,000,023 \nEnemies: Lady Cassandra, The Flesh, Sisters of Plenitude \n\nIn the year five billion and twenty-three, after the destruction of the Earth, the Doctor takes Rose to the New Earth. There, in a hospital facility, the feline Sisters of Plenitude can mysteriously cure any diseases, but, in the basement, an old enemy of the Doctor is out for revenge.',8.07,'2006-04-15','/3CmzxNTL4Mk49r5kiYKpdoLGA5n.jpg',4,NULL),(103,'Tooth and Claw','57243','Location: Torchwood House, Scotland, Earth Date: 1879 \nEnemies: Werewolf, The Monks\n\nLanding in 1879, Scotland, the Tenth Doctor and Rose meet Queen Victoria, travelling with her to spend the night at the Torchwood Estate. However, a group of warrior monks have sinister plans for the monarch, and the full moon is about to summon a creature out of legend.',8.00,'2006-04-22','/9950TrmEKVGquoYzAljQH3wFcdr.jpg',4,NULL),(104,'School Reunion','57243','Location: Deffry Vale High School, London, England, Earth \nDate: 2007 \nEnemies: The Krillitanes \n\nThere are strange goings-on at a comprehensive school - UFOs, over-intelligent children, and odd-tasting school dinners. This attracts the attention of the Tenth Doctor, Rose and Mickey Smith, as well as a couple of old friends…',8.01,'2006-04-29','/5UzEq0sVHOfj2VOttLcRLUuaOzz.jpg',4,NULL),(105,'The Girl in the Fireplace','57243','Location: Versailles, France, Earth and on S.S. Madame de Pompadour (a Spaceship)\nDate: Across the 18th Century and during the 51st Century\nEnemies: Clockwork Droids\n\nOn a seemingly abandoned spaceship in the 51st century, the Tenth Doctor, Rose and Mickey find time windows leading to 18th century France and a group of clockwork androids using them to stalk a young woman throughout her life.',8.63,'2006-05-06','/yN4GJf4cimPy6EMQh2pYPZp6ZhA.jpg',4,NULL),(106,'Rise of the Cybermen (1)','57243','Location: Parallel Earth\nDate: 1st February, 2007\nEnemy: John Lumic, The Cybermen\n\nAfter the TARDIS makes a crash landing on the Earth of another universe, Rose discovers her father is alive and rich, Mickey encounters his alternative self, and the Tenth Doctor learns one of his oldest and deadliest foes is about to be reborn.',7.94,'2006-05-13','/sEIBy4vsUX03exTcs9atCc5zYQb.jpg',4,NULL),(107,'The Age of Steel (2)','57243','Location: A parallel Earth\nDate: 1st/2nd February, 2007\nEnemy: John Lumic, Cyber-Controller, The Cybermen\n\nThe plans of John Lumic to convert the world into Cybermen are now in full force. The Tenth Doctor, Rose, Mickey and the Preachers must find a way to stop him from enforcing his \"ultimate upgrade.\"',8.04,'2006-05-20','/AmEiRzAHkjgnKwmWL9BD3K9m1Rs.jpg',4,NULL),(108,'The Idiot\'s Lantern','57243','Location: London, England, Earth\nDate: 1953 - Queen Elizabeth II\'s Coronation Enemy: The Wire \n\nIn 1953 London, the police are abducting people from their homes. The people of Britain gather around their new-fangled \"tele-vision\" sets to celebrate the new Queen\'s coronation - but something strange is affecting the signal.',7.68,'2006-05-27','/cbCRy1RwRvrdLeocZa8RDERJxC5.jpg',4,NULL),(109,'The Impossible Planet (1)','57243','Location: In orbit below a black hole\nDate: Possibly 43,000 (43K reference)\nEnemy: The Beast,The Ood (as The Legion of The Beast)\n\nRose finds herself further away from home than ever before, on a desolate world in the orbit of a Black Hole. Trapped with an Earth expedition and the mysterious Ood, the time-travellers face an even greater danger as something ancient beneath the planet\'s surface begins to awake.',8.41,'2006-06-03','/62ir7aFCD5Q5bpOslSB20VBywnx.jpg',4,NULL),(110,'The Satan Pit (2)','57243','Location: In orbit below a black hole\nDate: Possibly 43,000 (43K reference)\nEnemy: The Beast,The Ood (as The Legion of The Beast)\n\nThe TARDIS lands in a base on a planet orbiting a black hole, an impossible situation that stumps even the Tenth Doctor. The base crew are drilling to the centre of the world, to claim the power that keeps it in orbit for themselves. However, an ancient evil is down there too, and he is awake…',8.57,'2006-06-10','/AhLxY9rJO5S1VfTX9KCQSiM0x1g.jpg',4,NULL),(111,'Love and Monsters','57243','Location: London, Earth\nDate: 2007\nEnemy: The Abzorbaloff \n\nAn ordinary man named Elton Pope becomes obsessed with the Tenth Doctor, Rose and their strange blue box, joining a group of like-minded people in hopes of finding him. But when the mysterious Victor Kennedy joins the group, the fun soon stops and Elton discovers a darker side to his hobby.',6.96,'2006-06-17','/pQd4lnSCbvXgcG1EYikz7lYEXx7.jpg',4,NULL),(112,'Fear Her','57243','Location: Earth\nDate: 2012\nEnemy: Chloe Webber/Isolas\n\nWhen the TARDIS lands in 2012, the Tenth Doctor plans to show Rose the London Olympics. However, ordinary children are vanishing into thin air, a mother living in a seemingly normal British household is trying to hide her daughter\'s unnatural powers from the world, and a demonic presence lurks in an upstairs cupboard.',7.29,'2006-06-24','/ohSCkAMSXvkY18iBovaZ4VF7dHH.jpg',4,NULL),(113,'Army of Ghosts (1)','57243','Location: London, Torchwood Tower\nDate: 2007\nEnemies: Cybermen, Torchwood\n\nGhostly beings have been regularly appearing across the world and people, believing them to be their dead loved ones, are welcoming their visits with open arms. When the TARDIS arrives at the Torchwood Institute, the Tenth Doctor and Rose are taken prisoner. They are drawn into the investigation of a mysterious sphere kept in Torchwood Tower, and monstrous foes return as two universes collide.',8.46,'2006-07-01','/5DE2tYGs1sjYqKK7T1dyXw7f5NS.jpg',4,NULL),(114,'Doomsday (2)','57243','Location: London, Torchwood Tower\nDate: 2007\nEnemies: Cybermen, Daleks\n\nHumanity is caught in the crossfire as the Cybermen and the Daleks wage war against each other. When the mysterious Genesis Ark opens, the Tenth Doctor is faced with an impossible decision: saving the world could mean losing Rose Tyler forever…',9.05,'2006-07-08','/wIotyoKHq7ldmeOa5FN62IMFt3d.jpg',4,NULL),(115,'Season 3','57243',NULL,8.54,'2007-04-01','/67xbjSv353G2rqQIs6dnDKc6P11.jpg',3,NULL),(116,'Smith and Jones','57243','Location: Earth/Moon\nDate: 2008\nEnemies: Judoon, Plasmavore, Slabs \n\nTrainee doctor Martha Jones has her hands full balancing her medical studies with placating her demanding family. So the last thing she needs is to find that the hospital where she works has been transported to the moon, where it\'s invaded by an overbearing alien police force. There she encounters a patient called John Smith, who seems curiously at ease with the situation…',8.10,'2007-04-01','/SAtfIVeCbfpvhMOC7vY1A9z6D7.jpg',4,NULL),(117,'The Shakespeare Code','57243','Location: Earth\nDate: 1599\nEnemies: Carrionites\n\nMartha takes her first trip in the Tardis, all the way back to Elizabethan England. She and the Doctor hear of a series of bizarre deaths and discover that playwright William Shakespeare is being controlled by dangerous witch-like creatures. It seems the time-travelling duo must defeat ancient forces to prevent history from being rewritten.',8.06,'2007-04-07','/4PahAL07rbyiUhsgLW99qzi6y5d.jpg',4,NULL),(118,'Gridlock','57243','Location: New Earth\nDate: The year 5,000,000,053\nEnemies: Macra\n\nThe Doctor takes Martha to New Earth, in the far future, only to find that an entire city has become a deadly trap.',8.13,'2007-04-14','/ja8oZQszacBLr7sc1uceRIsPb49.jpg',4,NULL),(119,'Daleks in Manhattan (1)','57243','Location: New York\nDate: 1930s\nEnemies: Daleks (Cult of Skaro), Pig Slaves\n\nThe Doctor investigates disappearances in New York at the height of the depression in the 1930s. Nefarious Pig Men linger in the sewers and the Daleks prepare an audacious plan at the top of the Empire State Building',7.58,'2007-04-21','/yQFwHDE9sJOhkQPEkUSordnlVIq.jpg',4,NULL),(120,'Evolution of the Daleks (2)','57243','Location: New York\nDate: 1930s\nEnemies: Daleks (Cult of Skaro), Pig Slaves\n\nThe newly-created Dalek-human hybrid, and the other three members of the Cult of Skaro launch an attack on Hooverville, along with their Pig Slaves. The Doctor, Martha, and Frank manage to escape, but discover that the Daleks\' plan involving the Empire State Building...',7.65,'2007-04-28','/cPTcmOlSep64XXsXv9YdcbLxIhb.jpg',4,NULL),(121,'The Lazarus Experiment','57243','Location: London\nDate: 2008\nEnemy: Professor Lazarus\n\nIt looks as though Martha\'s odyssey is coming to an end when the Doctor drops her home, even landing the Tardis inside her lounge. But then a TV news report tickles the insatiable curiosity of our gallivanting Gallifreyan, and they\'re off again. So we\'re treated to the unusual sight of the Doc in a DJ as he escorts a glammed-up Martha to the launch of a scientific breakthrough: an eternal youth machine created by an elderly professor, Richard Lazarus. As with all weird science, the side effects are severe, but this is a very extreme case (and no, it\'s not suitable for tots). Doctor Who continues its game of spot the homage. Tonight\'s story is an enjoyable synthesis of She, The Fly and The Quatermass Experiment - even down to the final battle in a London cathedral. But despite some charming interplay between the two leads and an excellent turn from Mark Gatiss as the young and old professor, The Lazarus Experiment is a pretty conventional runaround, though the nightmarish Identikit creature is superbly realised and dedicated Whovians can look out for a \"reverse the polarity\" reference.',7.54,'2007-05-05','/bX9jXbbKOqMMbPpNCNudKtwF3C0.jpg',4,NULL),(122,'42','57243','Location: SS Pentallian \nDate: The 42nd century\nEnemies: Ashton\n\nIn a far-flung galaxy, saboteurs are at work, and crew members are being possessed. The TARDIS crew find themselves in the 42nd century on a spaceship, SS Pentallian, slowly being pulled into a sun, and must find a way to survive',7.83,'2007-05-19','/hLxBTqcxkbFhAa7RtK1M5XAKv92.jpg',4,NULL),(123,'Human Nature (1)','57243','Location: A boys\' boarding school \nDate: 1913 \nEnemies: The Family of Blood\n\nEngland, 1913. A schoolteacher called John Smith dreams of adventures in time and space. The Doctor, along with Martha, heads to a boarding school, but what he finds is far from ordinary...',8.33,'2007-05-26','/8bXp7x8LqxUnmzDd9Tnb6pSh9t0.jpg',4,NULL),(124,'The Family of Blood (2)','57243','Location: A boys\' boarding school \nDate: 1913 \nEnemies: The Family of Blood \nEngland, 1913. A schoolteacher called John Smith dreams of adventures in time and space. The Doctor, along with Martha, heads to a boarding school, but what he finds is far from ordinary...\n\nConclusion.',8.52,'2007-06-02','/yd4ZXt6HpZw9ecancFH6aLk6331.jpg',4,NULL),(125,'Blink','57243','Location: Hull, London, England\nDate: 2007\nEnemies: The Weeping Angels\n\nSuggestion is a powerful weapon ...\n\nThe Doctor is lost in time and within the walls of an old, abandoned house, murder is afoot and the Weeping Angels await...\n\nA young woman called Sally visits a dilapidated house, and is led down a terrifying time-torn path.',9.38,'2007-06-09','/7nzpdhKR3hxcfWNjmAYy3eYJOPt.jpg',4,NULL),(126,'Utopia (1)','57243','Location: Malcassairo\nDate: The Year 100 Trillion\nEnemies: Futurekind, The Master\n\nAfter being brought back to life in The Parting of the Ways, Captain Jack Harkness was just left on the Gamestation by the Doctor and Rose. In this episode, Captain Jack Harkness storms back into the Doctor\'s life, and the TARDIS is thrown to the end of the universe itself. ',8.47,'2007-06-16','/hoFrmMRxyHTMI7QCvgRZ4OgdV3f.jpg',4,NULL),(127,'The Sound of Drums (2)','57243','Location: London\nDate: 2008\nEnemies: The Master, the Toclafane\n\nHarry Saxon becomes Prime Minister and his reign of terror begins – but that\'s only the start of his ambitions, as he announces mankind\'s first contact with an alien race, the Toclafane. \n\nAn audacious plan spanning the whole of time and space begins to close around the Earth, in the penultimate episode of Russell T Davies\'s Doctor Who.',8.56,'2007-06-23','/4NiwidmFeLhNWMbCP0SrJLCDl1F.jpg',4,NULL),(128,'Last of the Time Lords (3)','57243','Location: Earth, The Valiant\nDate: 2008, 2009\nEnemies: The Toclafane, The Master\n\nOne year has passed since the events of \"The Sound of Drums.\" \n\nThe Earth has been conquered and its population enslaved, the Doctor is the Master\'s prisoner, and the warships of a new Time Lord Empire rise from the ashes. The fate of the world is in Martha Jones\' hands.',8.66,'2007-06-30','/vXwspI0LtsTe6mn9cRpfmUpBAHr.jpg',4,NULL),(129,'第 4 季','57243',NULL,8.88,'2008-04-05','/h6hogh9U371q87XLhvrJbczg8lm.jpg',3,NULL),(130,'Partners in Crime','57243','Location: London\nDate: 2009\nEnemies: Adipose, Miss Foster\n\nDuring an alien emergency in London, a woman called Donna Noble must search for an old friend who can save the day - a man named the Doctor. But can even the Doctor halt the plans of the mysterious Miss Foster?',8.21,'2008-04-05','/cq1zrCS267vGXa3rCYQkVKNJE9v.jpg',4,NULL),(131,'The Fires of Pompeii','57243','Location: Pompeii\nDate: 23rd/24th August 79AD\nEnemies: Pyrovile \n\nThe Doctor takes Donna back to Pompeii, on the day of the eruption of Mt. Vesuvius, and is faced with a great moral dilemma. Should they warn the residents of the impending disaster, or let history take its natural course? ',8.18,'2008-04-12','/4WoJP6if8546yPrWjvJ3SBfHClg.jpg',4,NULL),(132,'Planet of the Ood','57243','Location: Ood-Sphere\nDate: 4126\nEnemies: Mr. Halpen, Ood Operations \n\nThe Doctor and Donna find themselves on an icy planet known as the Ood-Sphere. There they discover what drove the Ood to be a servant race.',8.10,'2008-04-19','/pqzflnCz2QgRC2lUSfCSTofsZJ1.jpg',4,NULL),(133,'The Sontaran Stratagem (1)','57243','Location: Modern-day Earth\nDate: 2009\nEnemies: Sontarans \n\nAided by the Rattigan Academy, the Sontarans establish a covert base at the mysterious ATMOS Factory. Can the Doctor stop the Sontarans from unleashing a potent terror that will bring the world to its knees?',7.89,'2008-04-26','/7nKSO79WS60wbECOD8iNASsEJwk.jpg',4,NULL),(134,'The Poison Sky (2)','57243','Location: Earth\nDate: 2009\nEnemies: The Sontarans\n\nThe Sontarans continue their evil plot and begin to \"choke\" the Earth. The Doctor and Donna, now teamed with Martha have to stop them! Can they save Earth before it\'s too late?',8.04,'2008-05-03','/o0OQByMgT3W9AzGg98HgBq9KkA.jpg',4,NULL),(135,'The Doctor\'s Daughter','57243','Location: Messaline\nDate: 60120724 (New Byzantine Calendar)\nEnemies: The Hath\n\nThe Doctor lands on the remote planet Messaline as an age-old war rages and the threat of genocide looms. When Martha is kidnapped by the Hath, the Doctor is distracted by \"the most important woman in his life.\"',8.28,'2008-05-10','/tqqn9eTtZlSMe1Nng2qmduloOe0.jpg',4,NULL),(136,'The Unicorn and the Wasp','57243','Location: England, Earth\nDate: December 3rd 1926\nEnemies: Vespiforms\n\nThe Doctor and Donna\'s meet Agatha Christie at a manor owned buy Lady Eddison. When Agatha Christie goes missing and a body turns up in the library the adventure turns into a pulp sci-fiction murder mystery, with a murder, a jewel thief, and a wasp alien. Can they solve the mystery?',7.99,'2008-05-17','/dvZeLZ08yzuJ3gE5sT7TmSWNq79.jpg',4,NULL),(137,'Silence in the Library (1)','57243','Location: The Library\nDate: 51st century\nEnemies: Vashta Nerada\n\nThe Doctor and Donna land in a frightening position in the far future. While investigating a derelict library, the duo come face to face with the disembodied mind of a little girl, an archaeological team led by a woman from the Doctor\'s future, and swarms of flesh-eating creatures that are seen only as shadows.',8.80,'2008-05-31','/pA3KBOYK60cqJ6qkbeOBSSTUdGj.jpg',4,NULL),(138,'Forest of the Dead (2)','57243','Location: The Library\nDate: 51st Century\nEnemies: Vashta Nerada\n\nThe Doctor and Donna land in a frightening position in the far future. While investigating a derelict library, the duo come face to face with the disembodied mind of a little girl, an archaeological team led by a woman from the Doctor\'s future, and swarms of flesh-eating creatures that are seen only as shadows',8.99,'2008-06-07','/4t21hQqK2bqlKu0zoNaFPgNlplz.jpg',4,NULL),(139,'Midnight','57243','Location: Planet Midnight\nDate: unknown\nEnemies: unknown - possessive creature\n\nWhile visiting the planet Midnight, a beautiful and luxury planet, full of lavishs and hightech cities, a terrifying problem arises that leaves The Doctor powerless.',8.49,'2008-06-14','/kPxhdqzj8vuhh36QfDLbENbgPVb.jpg',4,NULL),(140,'Turn Left','57243','Location: Earth\nDate: 2007/2008/2009\nEnemies: Member of the Trickster\'s Brigade\n\nWhilst attending a carnival on the Chino-planet of Shan Shen, Donna is cajoled into having her fortune read, where her past is carefully examined. With the Doctor missing, Donna must work with Rose, a traveller from a parallel universe, to prevent darkness encompassing the whole of the universe. ',8.81,'2008-06-21','/etMTaIloNsHhSqDkqV66tLnJ8Z0.jpg',4,NULL),(141,'The Stolen Earth (1)','57243','Location: Earth, The Medusa Cascade, The Shadow Proclamation\nDate: 2009\nEnemies: The Daleks and Davros\n\nThe Earth has been moved, and it\'s a race against time as Donna and the Doctor try to find it before the Daleks destroy everything; they head for the Shadow Proclamation and the Medusa Cascade. Meanwhile on Earth a veritable bevy of ex-companions join together to contact the Doctor and take down the Daleks. Can Captain Jack, Sarah-Jane, Martha Jones and Rose find the Doctor in time... ',8.88,'2008-06-28','/AsL6ph9Ouk7zSp4OlHB8Vx06v4V.jpg',4,NULL),(142,'Journey\'s End (2)','57243','Location: The Dalek Crucible and Earth\nDate: 2009\nEnemies: The Daleks and Davros\n\nThe Earth has been overwhelmed and the universe faces dominion by the resurgent forces of a terrifying and limitless empire led by one of The Doctor\'s greatest enemies. Aiding the Time Lord in a final battle are several of his closest allies and companions, but for one of them, a price will be paid... ',9.05,'2008-07-05','/di3ZK4886uAdvhgfjD0IB9Gwcr6.jpg',4,NULL),(143,'Season 5','57243','After his explosive regeneration, the Eleventh Doctor awakes to discover his TARDIS is about to crash. Emerging from the wreckage of his crashed time machine, he meets young Amy Pond. Still wearing the remains of the Tenth Doctor’s suit, ripped and raggedy from the damage after the TARDIS control room exploded, the Doctor promises to take Amy to the stars. But before they can begin their journey, they become embroiled in an alien plot that could destroy the Earth.\n\nLater the Doctor makes good his promise and Amy boards the regenerated TARDIS, ready to take to the stars on a series of wild adventures that will change her life. Amy and the Doctor explore time and space, visiting 17th century Venice, France during the 1890s and the United Kingdom in the far future, now an entire nation floating in space. As always, wherever the Doctor goes, his oldest enemies are never far behind - the Daleks are hatching a new master plan from the heart of war-torn London in the 1940s. But they are not the only strange creatures the Doctor and Amy must face - there are also alien vampires, humanoid reptiles, old enemies such as the Weeping Angels, and a silent menace that follows Amy and the Doctor around wherever they go.',8.66,'2010-04-03','/hUsQerEeMqsu9cVYzMEB2OGJjrw.jpg',3,NULL),(144,'The Eleventh Hour','57243','Location: Leadworth \nDate: (1996,2008,2010)\nEnemies: Prisoner Zero, Atraxi \n\nThe Doctor has regenerated into a brand new man, but danger strikes before he can even recover. With the TARDIS wrecked, and the sonic screwdriver destroyed, the new Doctor has just 20 minutes to save the whole world - and only Amy Pond to help him.',8.68,'2010-04-03','/7SCdxZkZba4YCjPXnAt2otv8fjS.jpg',4,NULL),(145,'The Beast Below','57243','Location: Starship UK\nDate: 3295 \nEnemies: Smilers\n\nAmy Pond takes her first trip in the TARDIS when the Doctor whisks her away to the distant future and they discover Britain in space. Starship UK houses the future of the British people as they search the stars for a new home. But when Amy explores she encounters the terrifying Smilers and learns a deadly truth inside the Voting Booth...',8.16,'2010-04-10','/idREuQNMuuvJcvn549j68MOTqEc.jpg',4,NULL),(146,'Victory of the Daleks','57243','Location: Earth \nDate: 1941, World War II\nEnemies: Daleks\n\nThe Doctor has been summoned by old friend Winston Churchill, but in the Cabinet War Rooms far below the streets of blitz-torn London, it\'s his oldest enemy he finds waiting for him, as the time-travelling adventures continue. The Daleks are back – but can Winston Churchill be in league with them?',7.80,'2010-04-17','/bQU8MI5DUkw3R8tpC58wZ4RoeFt.jpg',4,NULL),(147,'The Time of Angels (1)','57243','Location: Alfava Metraxis \nDate:  51st century\nEnemies: Weeping Angels\n\nA crashed spaceship, a shattered temple and a terrifying climb through the maze of the dead - River Song is back in the Doctor\'s life, and she\'s brought more trouble than even he can handle. The last of the weeping Angels is loose in the ruins of Alfava Metraxis, and the Doctor is recruited to track it down. \"Don\'t blink!\" everyone tells Amy - but Amy is about to discover, not blinking might just be the worst thing you can do...',8.58,'2010-04-24','/7on4wH45zsKYnqQX91xXsTBbMje.jpg',4,NULL),(148,'Flesh and Stone (2)','57243','Location: Alfava Metraxis \nDate:  51st century\nEnemies: Weeping Angels\n\nThere\'s no way back, no way up and no way out. Trapped among an army of Weeping Angels, The Doctor and his friends must try to escape through the wreckage of a crashed space liner. Meanwhile, in the forest vault, the Doctor\'s companion, Amy Pond, finds herself facing an even more deadly attack. \n\n',8.57,'2010-05-01','/hdeY2GyMvtHVps5Ze6z7D7j1oqm.jpg',4,NULL),(149,'The Vampires of Venice','57243','Location: Venice, Earth  \nDate: 1580  \nEnemies: Saturnynians\n\nDessicated corpses, terror in the canal and a visit to the sinister House of Calvierri – the Doctor takes Amy and Rory for a romantic mini-break, as the Tardis touches down once again. \n\nBut 16th-century Venice is not as it should be. The city has been sealed to protect it from the Plague, although Rosanna Calvierri may have other plans...',7.69,'2010-05-08','/jLksFGWiRB0EHmCxLosDwIJW7GA.jpg',4,NULL),(150,'Amy\'s Choice','57243','Location: Upper Leadworth / The TARDIS\nDate: 2015.\nEnemies: The Dream Lord , The Eknodine\n\nIt has been five years since Amy Pond last travelled with the Doctor, and when he lands in her garden again, on the eve of the birth of her first child, she finds herself facing a heartbreaking choice – one that will change her life forever. They will have to choose which is the dream world and which is reality. ',8.18,'2010-05-15','/oGtuZIqlVOzlLbvt73rQQUqhDSV.jpg',4,NULL),(151,'The Hungry Earth (1)','57243','Location: Cwmtaff, Wales \nDate: 2020\nEnemies: Silurians \n\nIn 2020, the most ambitious drilling project in history is under way. Dr Nasreen Chaudry and her team have reached 21 kilometers into the Earth\'s crust - but something is stirring far below. Amy Pond discovers there\'s nowhere to run when you can\'t even trust the ground at your feet.',7.80,'2010-05-22','/4s6jxJBNqXF3j3PBMto78SSunrB.jpg',4,NULL),(152,'Cold Blood (2)','57243','Location: Cwmtaff, Wales \nDate: 2020\nEnemies: Silurians \n\nIt is the most important day in the history of Earth: the dawn of a new age of harmony… or the start of its final war. \n\nThe Doctor must face his most difficult challenge yet and he tries desperately to ensure Alaya\'s prediction of a massacre does not come true. Meanwhile, what fate will befall the captured Amy and can Tony and his friends be trusted? \n',7.98,'2010-05-29','/kpjhRYkFJIV90yqrwCWGk8ALhdb.jpg',4,NULL),(153,'Vincent and the Doctor','57243','Location: Auvers-sur-Oise, Earth \nDate: 1890 \nEnemies: Krafayis \n\nTerror lurks in the cornfields of Provence, but only a sad and lonely painter can see it. Amy Pond finds herself shoulder to shoulder with Vincent van Gogh, in a battle with a deadly alien - saving the world has never been so ginger! But can even the Doctor save Vincent?',9.08,'2010-06-05','/bSXtkTYVizAlcbNGRHBCj8rznCJ.jpg',4,NULL),(154,'The Lodger','57243','Location: Aickman Road\nDate: 2010 \nEnemies: Number 79B, Aickman Road \n\nThere\'s a house on Aickman road with a staircase that people go up, but never down... To solve the mystery of the man upstairs, the Doctor must pass himself off as a normal human being, and share a flat with Craig Owens.',8.35,'2010-06-12','/wbo8GXgAMZ7H3XdZLqm2UJO1ow.jpg',4,NULL),(155,'The Pandorica Opens (1)','57243','Location: Stonehenge, Earth\nDate: 102AD\nEnemies: The Alliance \n\nThe Doctor\'s friends unite to send him a terrible warning; the Pandorica - which is said to contain the most feared being in all the cosmos - is opening. But what\'s inside, and can the Doctor stop it? ',8.83,'2010-06-19','/oCgpFhpCCgAwNUhR1seTYXRJkHE.jpg',4,NULL),(156,'The Big Bang (2)','57243','Location: National Museum \nDate: 1996\nEnemies: Stone Dalek\n\nThe Doctor is gone, the Tardis has been destroyed, and the universe is collapsing. The only hope for all reality is a little girl who still believes in stars.',9.02,'2010-06-26','/ic0ZIxO7T5AN0YIyP7jlbepZPdc.jpg',4,NULL),(157,'Season 6','57243',NULL,8.25,'2011-04-23','/xmfMcVkVer5r33QhA4e2DpIR78B.jpg',3,NULL),(158,'The Impossible Astronaut (1)','57243','Location: Utah, Washington D.C., Florida\nDate: 2011, 1969\nEnemies: The Silence\n\nPlacing his life entirely in their hands, the Doctor agrees to search for the recipient of the fourth envelope - just who is Canton Everett Delaware the Third? And what is the relevance of their only other clue: \'Space 1969\'? Their quest lands them - quite literally - in the Oval Office, where they are enlisted by President Nixon himself to assist enigmatic former-FBI agent Canton, in saving a terrified little girl from a mysterious spaceman.',8.72,'2011-04-23','/w1Gu8jrHqYrWs136GxRvScqXRfQ.jpg',4,NULL),(159,'Day of the Moon (2)','57243','Location: Utah, Washington D.C., New York City\nDate: 1969\nEnemies: The Silence\n\nThe Doctor is locked in the perfect prison. Amy, Rory and River Song are being hunted down across America by the FBI. With the help of new friend and FBI-insider, Canton Everett Delaware the Third, our heroes are reunited to share their discoveries, if not their memories. For the world is occupied by an alien force who control humanity through post-hypnotic suggestion and no one can be trusted. Aided by President Nixon and Neil Armstrong\'s foot, the Doctor must mount a revolution to drive out the enemy and rescue the missing little girl. No-one knows why they took her. Or why they have kidnapped Amy Pond...',8.70,'2011-04-30','/aDhkjkl7Et7uudNitbkHm7CZdla.jpg',4,NULL),(160,'The Curse of the Black Spot','57243','Location: In a pirate ship\nDate: 1699\nEnemies: Siren\n\nThe TARDIS is marooned onboard a 17th-century pirate ship whose crew is being attacked by a mysterious and beautiful sea creature.\n\nBecalmed and beset by cabin fever, the pirates have numerous superstitious explanations for the Siren\'s appearance. The Doctor has other ideas but, as his theories are disproved and every plan of escape is thwarted, he must work to win the trust of the implacable Captain Avery and uncover the truth behind the pirates\' supernatural fears – and he must work quickly, for some of his friends have already fallen under the Siren\'s spell...',7.53,'2011-05-07','/c1QBseuJ2MSUcpas1pC6x6nrvtw.jpg',4,NULL),(161,'The Doctor\'s Wife','57243','Location: In a bubble universe\nDate: unknown\nEnemies: The House, The Nephew\n\nThe Doctor receives a distress signal from an old friend. Could there really be another living Time Lord out there? Hopes raised, he follows the signal to a junkyard planet sitting upon a mysterious asteroid in a Bubble universe, populated by a very strange family, as the time-travelling drama continues.\n\nThe Doctor, Amy and Rory are given the warmest of welcomes by Auntie, Uncle and Nephew. But the beautiful and insane Idris greets them in a more unusual fashion – what is she trying to tell the Doctor? As the Doctor investigates, he unwittingly puts his friends in the gravest danger. ',8.73,'2011-05-14','/kQKQ1UGOBlerJiXjNDQ4bV9Nh3v.jpg',4,NULL),(162,'The Rebel Flesh (1)','57243','A solar tsunami sends the TARDIS hurtling towards a futuristic factory on Earth, where human doppelgangers are used to mine dangerous acid, as the time-travelling adventures continue.\n\nA second wave hits and the \"Gangers\" separate. They can remember every second of their \"original\'s\" life and feel every emotion they\'ve ever experienced. But are these memories stolen or have they been bequeathed? Are the Gangers merely faulty machinery that must be shut down or are they living, breathing, sentient beings? Can the Doctor convince the terrified humans to accept these \"almost people\" and prevent an all-out civil war before the factory explodes?',7.66,'2011-05-21','/2nSKMC4B6Rkg3ilTiQbwDGZfBfv.jpg',4,NULL),(163,'The Almost People (2)','57243','As the solar storm rages, Jennifer, a Ganger driven mad by the memories of being \"decommissioned\", is seeking revenge, as the time-travelling drama continues.\n\nShe can remember every excruciating second of every \"execution\" and is determined that the humans will pay. And she isn\'t just talking war; she\'s talking revolution. As the crumbling factory fills with toxic fumes and drips lethal acid, the \"Originals\" wait desperately for the shuttle from the Mainland to rescue them. But Jennifer has other ideas. Can the Doctor convince the terrified factory workers to embrace their own humanity and work together with their Gangers to overcome a monster of their own making?',7.97,'2011-05-28','/hFx0dr4dyAyV8izoBO6HuW4yR2.jpg',4,NULL),(164,'A Good Man Goes to War (1)','57243','Amy Pond has been kidnapped and the Doctor is raising an army to rescue her as the drama continues. But as he and Rory race across galaxies, calling in long-held debts and solemnly given promises, his enemies are laying a carefully concealed trap.\n\nIn her cell in Stormcage, River Song sadly acknowledges that the time has come at last – today will mark the Battle of Demons Run and the Doctor’s darkest hour. Both sides will make their sacrifices and River Song must finally reveal her most closely guarded secret to the Doctor.',8.96,'2011-06-04','/89NYx2loksaiFj4vFyEQZ4Of25.jpg',4,NULL),(165,'Let\'s Kill Hitler (2)','57243','In the desperate search for Melody Pond, the TARDIS crash lands in Thirties Berlin, as the time-travelling drama returns for the second half of the series shown earlier in the year. The Doctor comes face to face with the greatest war criminal in the Universe. And Hitler. Old friendships are tested to their limits as the Doctor suffers the ultimate betrayal and learns a harsh lesson in the cruelest warfare of all. As precious time ebbs away, the Doctor must teach his adversaries that time travel has responsibilities. And he must succeed before an almighty price is paid.',8.61,'2011-08-27','/tSccK7c1jlpPahKXQvIfYUjFGtg.jpg',4,NULL),(166,'Night Terrors','57243','A little boy named George sends a distress signal to the Doctor when he discovers that monsters live in his bedroom cupboard. ',7.54,'2011-09-03','/l6lYTQ5QwYAqQGvTOfLdnlcMvuF.jpg',4,NULL),(167,'The Girl Who Waited','57243','The TARDIS brings its crew to a quarantine facility for victims of an alien plague. When Amy is trapped, Rory must rescue her from the facility\'s doctors but learns something surprising about his wife.',8.41,'2011-09-10','/n6RYsI4S1Wy8ouanOYGXQuS2gAP.jpg',4,NULL),(168,'The God Complex','57243','The trio arrive at a hotel where the layout of the rooms keeps changing. It also contains rooms that hold the greatest fears of each visitor.',8.14,'2011-09-17','/cf0vAccRIXwYJtc2pIbmRtlgdNW.jpg',4,NULL),(169,'Closing Time','57243','As the Doctor prepares for his inevitable death at Lake Silencio, he visits a former roommate and learns that the Cybermen are responsible for a series of disappearances at a local department store and resolves to investigate.',8.14,'2011-09-24','/is8F49nu51Cy1KBdhGnoFjxlSzH.jpg',4,NULL),(170,'The Wedding of River Song','57243','As the Doctor makes his final journey to the shores of Lake Silencio in Utah, he knows only one thing can keep the universe safe – his own death – in the concluding episode of this series of the time-travelling drama. But has he reckoned without the love of a good woman?',8.71,'2011-10-01','/BQaQJKqeIV7L4R3XKKZrJyzM7D.jpg',4,NULL),(171,'Season 7','57243','The seventh series of the British science fiction television series Doctor Who aired from 1 September 2012 to 18 May 2013, being split into two parts, as with the previous series. The series was broadcast concurrently on BBC One in the United Kingdom, BBC America in the United States, and on Space in Canada, and also on ABC in Australia, with the first five episodes released a week after its UK and North American release and the remainder released the next day. Following its premiere on 1 September 2012, the series aired weekly until 29 September 2012. Six episodes were broadcast in 2012, including the 2012 Christmas special, \"The Snowmen\", which aired separately from the main series. The remaining eight episodes began broadcasting on 30 March 2013. \"The Snowmen\" introduced a new TARDIS interior, title sequence, theme tune, and costume for the Doctor.\n\nDoctor Who\'s seventh series was the show\'s third and final series in which Matt Smith, Karen Gillan and Arthur Darvill played the eleventh incarnation of the Doctor and his companions Amy Pond and Rory Williams respectively. Gillan and Darvill departed the series in the fifth episode, after which a new companion named Clara Oswald joined the Doctor, played by Jenna-Louise Coleman, remaining with the series for its second half. Smith stayed for one year longer than Gillan and Darvill, and will depart the series after the 2013 specials.',7.96,'2012-09-01','/6biGcR0OyFnKRxxUW7bGtK49wTd.jpg',3,NULL),(172,'Asylum of the Daleks','57243','Kidnapped by his oldest foe, the Doctor is forced on an impossible mission - to a place even the Daleks are too terrified to enter... the Asylum. A planetary prison confining the most terrifying and insane of their kind, the Doctor and the Ponds must find an escape route. But with Amy and Rory’s relationship in meltdown, and an army of mad Daleks closing in, it is up to the Doctor to save their lives, as well as the Pond’s marriage.',8.69,'2012-09-01','/rN3BynpG55i9P933Pp0775U81fU.jpg',4,NULL),(173,'Dinosaurs on a Spaceship','57243','An unmanned spaceship hurtles towards certain destruction - unless the Doctor can save it, and its impossible cargo... of dinosaurs! By his side a ragtag gang of adventurers; a big game hunter, an Egyptian Queen and a surprised member of the Pond family. But little does the Doctor know there is someone else onboard who will stop at nothing to keep hold of his precious, prehistoric cargo.',8.05,'2012-09-08','/2yOZwTxLN0Jm3tiQQT1IETpH1CJ.jpg',4,NULL),(174,'A Town Called Mercy','57243','The Doctor gets a Stetson (and a gun!), and finds himself the reluctant Sheriff of a Western town under siege by a relentless cyborg, who goes by the name of the Gunslinger. But who is he and what does he want? The answer seems to lie with the mysterious, Kahler-Jex, an alien doctor (yes another one!) whose initial appearance is hiding a dark secret.',7.84,'2012-09-15','/j0Kc08Zz6UJVIG60WFSJ34VTmC8.jpg',4,NULL),(175,'The Power of Three','57243','The Doctor and the Ponds puzzle an unlikely invasion of Earth, as millions of sinister black cubes arrive overnight, almost like presents falling from the sky. But what are they, what’s inside them and most importantly, who sent them? With the international community at a loss, it’s left to the Doctor to unearth who is behind the mystery. ',8.05,'2012-09-22','/bUkVdlhBZEat0OqBYLPQOeZv7xF.jpg',4,NULL),(176,'The Angels Take Manhattan','57243','The Doctor’s heart-breaking farewell to Amy and Rory – a race against time through the streets of Manhattan, as New York’s statues come to life around them… With Rory’s life in danger, the Doctor and Amy must locate him before it’s too late! Luckily, an old friend helps them and guides the way.',8.91,'2012-09-29','/wYJautwl0CARbcN68b224NYaQl1.jpg',4,NULL),(177,'The Bells of St John','57243','When the Doctor receives a mysterious call from Clara, the woman that he\'s been seeking since he has seen her die twice, he arrives in 21st century Earth and discovers that something is using wi-fi to download human minds into the Internet... and feed on them.',8.36,'2013-03-30','/3VoZH0t0dCT8I74eUlBxJTf8jXM.jpg',4,NULL),(178,'The Rings of Akhaten','57243','Clara wants to see something awesome, so the Doctor whisks her off to the inhabited rings of the planet Akhaten, where the Festival of Offerings is in full swing. Clara meets the young Queen of Years as the pilgrims and natives ready for the ceremony. But something is stirring in the pyramid, and a sacrifice will be demanded.',7.90,'2013-04-06','/i6tJrGtJcCJ18tWrfaskEMUl5g5.jpg',4,NULL),(179,'Cold War','57243','The Doctor and Clara land on a damaged Russian submarine in 1983 as it spirals out of control into the ocean depths. An alien creature is loose on board, having escaped from a block of Arctic ice. With tempers flaring and a cargo of nuclear weapons on board, it’s not just the crew but the whole of humanity at stake!\n',7.72,'2013-04-13','/pDBbOWasznRv9hdztCe0LUWEMU0.jpg',4,NULL),(180,'Hide','57243','Clara and the Doctor arrive at Caliburn House, a haunted mansion sat alone on a desolate moor. Within its walls, a ghost hunting Professor and a gifted psychic are searching for the Witch of the Well. Her apparition appears throughout the history of the building, but is she really a ghost? And what is chasing her?\n',8.09,'2013-04-20','/36Oy5SR1JU6EsBC4qHL985EqC2v.jpg',4,NULL),(181,'Journey to the Centre of the TARDIS','57243','When a salvage ship attempts to pull the TARDIS aboard when the time vessel\'s shields are down, an explosion occurs. The Doctor forces the salvage crew to help him find Clara, who is lost somewhere inside his vessel.',8.16,'2013-04-27','/sLGGoIP1lqbv4YlCRQQafkYIwkr.jpg',4,NULL),(182,'The Crimson Horror','57243','Something ghastly is afoot in Victorian Yorkshire, as bodies are found with their skin a waxy, glowing red.',7.79,'2013-05-04','/vQoo3ZgprNji2SLhkOXTXVq5339.jpg',4,NULL),(183,'Nightmare in Silver','57243','Hedgewick\'s World of Wonders: the perfect theme park day out - and ground zero for a deadly silver resurrection.',8.20,'2013-05-11','/z8i0eek1v9N30opYpp1mp7cggK2.jpg',4,NULL),(184,'The Name of the Doctor','57243','Someone is kidnapping the Doctor\'s friends, leading him towards the one place in all of time and space that he should never go.',8.98,'2013-05-18','/yuyaPwtNhyrlCE7bOD5PZZVxFdf.jpg',4,NULL),(185,'Season 8','57243','The season ushers in an exciting new era for the show as Peter Capaldi steps into the role of the Doctor. Fans first got a glimpse of Capaldi\'s Doctor in November\'s 50th Anniversary Special, and again in the final minutes of last year\'s Christmas Special, but the upcoming season premiere marks the first full episode for the Twelfth Doctor. Capaldi will be joined by Jenna Coleman, who returns as companion Clara Oswald, and Samuel Anderson who joins the cast as Danny Pink, a teacher at Coal Hill School where Clara also works.',7.49,'2014-08-23','/nMxeLkOF9DzbqJdSx7gzmbFvPGK.jpg',3,NULL),(186,'Deep Breath','57243','When a dinosaur materialises alongside the Houses of Parliament in Victorian London, the Doctor\'s old friends, the Paternoster Gang, are relieved when he arrives, seemingly to deal with the creature. However, they soon realise that the Doctor is the one in need of help; newly regenerated, extremely volatile and questioning his self-worth, this is a very different man to the one they last saw. The only person that may be able to help him is Clara, and she is still grappling with losing the Doctor she knew and loved.',8.03,'2014-08-23','/fn0tmqmL7P83DwLksG7TuFHNaoV.jpg',4,NULL),(187,'Into the Dalek','57243','A Dalek fleet surrounds a lone rebel ship, and only the Doctor can help them now.\nThe Doctor faces his greatest enemy and he needs Clara by his side. Confronted with a decision that could change the Daleks forever he is forced to examine his conscience. Will he find the answer to his question - \"Am I a good man?\"',7.87,'2014-08-30','/bR45NIPLU4wkaHK2KIIAKJUVHmp.jpg',4,NULL),(188,'Robot of Sherwood','57243','In a sun-dappled Sherwood Forest, The Doctor discovers an evil plan from beyond the stars. But with the fate of Nottingham at stake (and possibly Derby), there\'s no time for the two adventurers to get into a fight about who is real and who isn\'t - which is probably why they do very little else!',7.68,'2014-09-06','/8bMdhKODbWluNpKnsDwsCKTWQNH.jpg',4,NULL),(189,'Listen','57243','What scares the grand old man of time? What horrors lurk under his bed? Ghosts of the past and future crowd into the lives of The Doctor and Clara; a terrified caretaker in a children\'s home, the last man standing in the universe, and a little boy who doesn\'t want to join the army...',8.46,'2014-09-13','/dMAViLP5xtMJPwv9EOYUx0RZR6w.jpg',4,NULL),(190,'Time Heist','57243','The Bank of Karabraxos is the deadliest bank in the cosmos - only a fool or genius would tempt to rob it. Fortunately, for The Doctor, he\'s both. But nothing even The Doctor has encountered can prepare them for the Teller: a creature of terrifying power that can detect guilt.',8.16,'2014-09-20','/me3tZsKPUujLcNaMBBqxk4zfqIG.jpg',4,NULL),(191,'The Caretaker','57243','Clara has it all under control: her life at school, her life in space; her new boyfriend and her mad old Time Lord. Everything is humming along just fine, so long as everybody never actually meets. And then, one morning, just before assembly, Coal Hill welcomes a new relief caretaker with a Scottish accent.',7.81,'2014-09-27','/rzyWVBDPRDYREQddDeIPUoVYfqE.jpg',4,NULL),(192,'Kill the Moon','57243','In the near future, The Doctor and Clara arrive on a decrepit shuttle making a suicide mission to the Moon. Crashing on the lunar surface, they find a mining base full of eviscerated corpses, spider-like creatures scuttling about in the dark, and a terrible dilemma.',7.61,'2014-10-04','/wEBoSLmrlf9K6yLsqN8eRyIY1be.jpg',4,NULL),(193,'Mummy on the Orient Express','57243','Aboard the most beautiful train in history, speeding among the stars of the future, a legend is stalking the passengers. Once you see the Mummy, you have 66 seconds to live. Clara sees The Doctor at his deadliest and most ruthless - and finally she realises she\'s made the right decision. Because this is their last adventure: it\'s time to say goodbye to the Time Lord.',8.09,'2014-10-11','/4tMq7FEADEsUs3xNaRAAwsu6DeA.jpg',4,NULL),(194,'Flatline','57243','Separated from The Doctor, Clara discovers a new menace from another dimension. But how do you hide when even the walls are no protection.',8.09,'2014-10-18','/dIiRNUWRmX7lKPb39pARJsdlgN1.jpg',4,NULL),(195,'In the Forest of the Night','57243','One morning in London, and every city and town in the world, the human race wakes up to the most surprising invasion yet: the trees have moved back in. Everywhere, in every land, a forest has grown overnight and taken back the Earth.',7.55,'2014-10-25','/lH0tIDwpIcU9BQeUOXIoJoZmhnf.jpg',4,NULL),(196,'Dark Water','57243','In the mysterious world of the Nethersphere, plans have been drawn. Old friends and old enemies manoeuvre around The Doctor, and an impossible choice is looming over him.',8.39,'2014-11-01','/1VIFcfBadRqw3s6wbcqV9o9WeIO.jpg',4,NULL),(197,'Death In Heaven','57243','With Cybermen on the streets of London, old friends unite against old enemies and the Doctor takes to the air in a startling new role. As the Doctor faces his greatest challenge, sacrifices must be made before the day is won.',8.11,'2014-11-08','/crrMkCB8OLqo3VdYdxfUBEAHt2J.jpg',4,NULL),(198,'Season 9','57243','Now that the Doctor and Clara have established a dynamic as a partnership of equals, they’re relishing the fun and thrills that all of space and time has to offer. Tangling with ghosts, Vikings and the ultimate evil of the Daleks, they embark on their biggest adventures yet. Missy is back to plague the Doctor once more, the Zygons inspire fear as they shape-shift into human clones, and a new arrival moves in cosmic ways.',7.98,'2015-09-19','/uidaCdI0hKiZGfMzWHNMYeNZyV7.jpg',3,NULL),(199,'The Magician\'s Apprentice (1)','57243','Where is the Doctor? When the skies of Earth are frozen by a mysterious alien force, Clara needs her friend. But where is the Doctor, and what is he hiding from? As past deeds come back to haunt him, old enemies will come face-to-face, and for the Doctor and Clara survival seems impossible.',8.20,'2015-09-19','/4szgVi355DvGfmSkQulNYWIkbIP.jpg',4,NULL),(200,'The Witch\'s Familiar (2)','57243','Trapped and alone in a terrifying Dalek city, the Doctor is at the heart of an evil Empire; no sonic, no TARDIS, nobody to help. With his greatest temptation before him, can the Doctor resist? And will there be mercy?',8.16,'2015-09-26','/tv0WKdJYAkFZM34obgEzeJyRvEi.jpg',4,NULL),(201,'Under The Lake (1)','57243','The Doctor and Clara save the frightened crew from a threat in an underwater base, but the Doctor questions the haunting. ',7.97,'2015-10-03','/5b11pS8kvHPJcKIAtdqW0TSuWJb.jpg',4,NULL),(202,'Before The Flood (2)','57243','An alien warlord sets a twisted plan in motion in order to ensure his survival on a remote Army outpost, and the Doctor may have to do something unthinkable. ',7.89,'2015-10-10','/nQbCg8toK04cKQi3b7SpGMOtZlr.jpg',4,NULL),(203,'The Girl Who Died (1)','57243','In a forgotten corner of history, a young Viking girl sits surrounded by the dead warriors of her people. She wants to fight back against the perpetrators - and, in doing so, declares war on the Mire, one of the deadliest races that the galaxy has ever known. The Doctor and Clara must help protect her village, using the twelve tense hours they have to turn a motley crew of farmers and blacksmiths into a fighting force to be reckoned with. ',7.87,'2015-10-17','/5aGS4PCDbn3miav9xTrq3QaZmOA.jpg',4,NULL),(204,'The Woman Who Lived (2)','57243','England, 1651. A deadly highwayman known only as \'The Knightmare\' plagues the dark streets of London, his fire-breathing accomplice by his side. There\'s something clearly more than human here, and that includes the loot as much as the outlaws. Who are these creatures, and are they enemies to be fought, or friends who might possibly save the Doctor from certain doom on the gallows?',7.77,'2015-10-24','/foGfiuXpSe3TvCI4CL620i79QLO.jpg',4,NULL),(205,'The Zygon Invasion (1)','57243','The Zygons, a race of shapeshifting aliens, have been living in secret among us on Earth, unknown and unseen - until now!\n\nWhen Osgood is kidnapped by a rogue gang of Zygons, the Doctor, Clara and UNIT must scatter across the world in a bid to set her free. But will they reach her in time, and can they stop an uprising before it’s too late?',7.61,'2015-10-31','/1GRZ4mBbEIezevCfGMZHNWinYZq.jpg',4,NULL),(206,'The Zygon Inversion (2)','57243','Shapeshifting Zygons are everywhere in the UK and there is no way of knowing who to trust. With UNIT neutralized only the Doctor stands in their way. What can the Doctor do to save his friends?',7.93,'2015-11-07','/97EIvboowEBC1tnRBNNBIw1XrEs.jpg',4,NULL),(207,'Sleep No More','57243','This terrifying story is assembled from footage discovered in the wreckage of Le Verrier Space Station.',6.82,'2015-11-14','/nyIBGBeKc9znPjRw3anSmVB5SiC.jpg',4,NULL),(208,'Face The Raven','57243','The Doctor and Clara, with their old friend Rigsy, find themselves in a magical alien world, hidden on a street in the heart of London.',8.19,'2015-11-21','/sbHH582pGSoFUpxh7GwuRpjkjcJ.jpg',4,NULL),(209,'Heaven Sent (1)','57243','Trapped in a world unlike any other he has seen, the Doctor faces the greatest challenge of his many lives. One final test. And he must face it alone.\n\nPursued by the fearsome creature known only as the Veil, he must attempt the impossible. If he makes it through, Gallifrey is waiting…',8.57,'2015-11-28','/nLXzaaySsrIief9JVGdL8JsFTzt.jpg',4,NULL),(210,'Hell Bent (2)','57243','If you took everything from him, betrayed him, trapped him, and broke both his hearts...how far might the Doctor go?\n\nReturning to Gallifrey, the Doctor faces the Time Lords in a struggle that will take him to the end of time itself. Who is the Hybrid? And what is the Doctor’s confession?',8.45,'2015-12-05','/63ZdUe52okiZu2oR75Rsd7teTxt.jpg',4,NULL),(211,'Season 10','57243','Doctor Who, Season 10 will see Peter Capaldi embark on his thrilling final chapter as the Twelfth Doctor as well as the introduction of brand new companion Pearl Mackie as Bill Potts and the return of Matt Lucas as Nardole. Fantastic adventures and terrifying monsters await the team of heroes as they journey through space and time. Expect laughter, danger and exhilarating escapades in this final season under the helm of lead writer and executive producer Steven Moffat.',7.78,'2017-04-15','/8HPLQQqTPfy7Oiligw9FXcfig9w.jpg',3,NULL),(212,'The Pilot','57243','A chance encounter with a girl with a star in her eye leads to a terrifying chase across time and space. Bill’s mind is opened to a Universe that is bigger and more exciting than she could possibly have imagined - but who is the Doctor, and what is his secret mission with Nardole on Earth?',8.13,'2017-04-15','/gxxhOtonWORK058jPtzgh3gz3IN.jpg',4,NULL),(213,'Smile','57243','In the far future, at the edge of the galaxy, there is a gleaming, perfect city. This brand new human settlement is said to hold the secret of human happiness - but the only smiles the Doctor and Bill can find are on a pile of grinning skulls.\n\nSomething is alive in the walls, and the emojibots are watching from the shadows, as the Doctor and Bill trying to unravel a terrifying mystery...',7.85,'2017-04-22','/pj8g594dT9tnxEyMp9WtCPYi2pO.jpg',4,NULL),(214,'Thin Ice','57243','The Doctor and Bill visit London during the last of the River Thames frost fairs in February 1814. They soon discover that there is something under the ice which is causing people to disappear.',7.77,'2017-04-29','/e2zFXmklhrGSFRWiuMGmJpIA3kz.jpg',4,NULL),(215,'Knock Knock','57243','Bill is moving in with some friends and they’ve found the perfect house – so what if it’s strangely cheap to rent, and the landlord is a little creepy?\n\nThe wind blows, the floorboards creak, and the Doctor thinks something is very wrong. What lurks in the strange tower at the heart of the building – and why can’t they find any way to enter it?',7.70,'2017-05-06','/v7lKlSs0RBIRvRkaU1DdR6KE53K.jpg',4,NULL),(216,'Oxygen','57243','The Doctor, Bill and Nardole answer a distress call in deep space, and find themselves trapped on board space station Chasm Forge. All but four of the crew have been murdered – and the dead are still walking!\n\nIn a future where oxygen is sold by the breath, and space suits are valued more highly than their occupants, the TARDIS crew battle for survival against the darkest evil of all…',7.90,'2017-05-13','/d5nINIHEamo5hoXIRFQDlRGtW5J.jpg',4,NULL),(217,'Extremis','57243','In the Haereticum – the Vatican’s secret library of blasphemy – there is an ancient book known only as The Veritas. Throughout history, anyone who has ever read it has immediately taken their own life. Now a new translation is online, and the danger is spreading. The Vatican appeals to the Doctor. Will he read The Veritas? But can even the Doctor survive the ultimate truth?',8.09,'2017-05-20','/6qjxu9RbVPWFEbE5E9dN0HjAfzm.jpg',4,NULL),(218,'The Pyramid at the End of the World','57243','An \'ancient\' pyramid appears overnight. Every clock in the world begins counting down to the Earth\'s destruction. Three opposing armies lie ready to annihilate each other. An alien race stands ready to offer humanity a deal that could save them, but enslave them. It is a terrifying race against time to save the world. Will the Doctor be forced to accept their help?',7.94,'2017-05-27','/ni0M5tb3ehUcfcQ675VYOBeONs0.jpg',4,NULL),(219,'The Lie of the Land','57243','Earth has been invaded and Bill is living alone, an isolated figure surviving in occupied Britain. The Doctor is imprisoned and appears to be on the side of the enemy, flooding the airwaves with fake news. Bill and Nardole must embark on a deadly mission to rescue the Doctor and lead the resistance against the new regime, whatever the cost.',7.67,'2017-06-03','/iHKV70qoL9Fa1AkYRXYucv92MWV.jpg',4,NULL),(220,'Empress of Mars','57243','The Doctor, Bill and Nardole arrive on Mars and find themselves in an impossible conflict between Ice Warriors… and Victorian soldiers. As the Martian hive awakes around them, the Doctor faces a unique dilemma – this time the humans, not the Ice Warriors are the invaders. When Earth is invading Mars, whose side is he on?',7.66,'2017-06-10','/lJW5n7z9E4ppOOju0zKVd0PN0v.jpg',4,NULL),(221,'The Eaters of Light','57243','A long time ago, the ninth legion of the Roman army vanished into the mists of Scotland. Bill has a theory about what happened, and the Doctor has a time machine. But when they arrive in ancient Aberdeenshire, what they find is a far greater threat than any army. In a cairn, on a hillside, is a doorway leading to the end of the world…',7.69,'2017-06-17','/890whs65S57x2qsiU8M3W5RQ0tk.jpg',4,NULL),(222,'World Enough and Time','57243','Friendship drives the Doctor into the rashest decision of his life. Trapped on a giant spaceship, caught in the event horizon of a black hole, he witnesses the death of someone he is pledged to protect. Is there any way he can redeem his mistake? Are events already out of control? For once, time is the Time Lord’s enemy...',8.33,'2017-06-24','/oCdBc9eMkXqPUI8V096xoNyIf09.jpg',4,NULL),(223,'The Doctor Falls','57243','“Without hope, without witness, without reward.” The Mondasian Cybermen are on the rise. It’s time for the Doctor’s final battle…',8.36,'2017-07-01','/ldwHPCFoMgyryt0bkg7g1jj2TFA.jpg',4,NULL),(224,'Orange Is the New Black','1424','Piper Chapman is a public relations executive with a career and a fiance when her past suddenly catches up to her. In her mid-30s she is sentenced to spend time in a minimum-security women\'s prison in Connecticut for her association with a drug runner 10 years earlier. This Netflix original series is based on the book of the same title. Forced to trade power suits for prison orange, Chapman makes her way through the corrections system and adjusts to life behind bars, making friends with the many eccentric, unusual and unexpected people she meets.',8.34,'2013-07-11','/22mSgZmStDb1luWdolYY3feLVW9.jpg',2,NULL),(225,'Season 1','1424','Piper must trade her comfortable New York life for an orange prison jumpsuit when her decade-old relationship with a drug runner catches up with her.',8.48,'2013-07-11','/kJzjhNiMiDk7sqgrmbEAk56oR9D.jpg',3,NULL),(226,'I Wasn\'t Ready','1424','Sentenced to fifteen months for a crime committed in her youth, Piper Chapman leaves her supportive fiance Larry for her new home: a women\'s prison.',7.67,'2013-07-11','/g8EpHVZZn0LJvRW7raCSkfO17mE.jpg',4,NULL),(227,'Tit Punch','1424','After insulting the food in front of the prison chef, Piper is starved out by the kitchen staff and struggles to offer up an acceptable apology.',7.81,'2013-07-11','/mbLSYxzuC9AyVmWEoTTizPS7c3y.jpg',4,NULL),(228,'Lesbian Request Denied','1424','Targeted for romance by a fellow prisoner, Piper finds that subtlety is an ineffective approach to letting her suitor down.',7.85,'2013-07-11','/bPuWKEOSBztyYJmzDgEiQHpbmz4.jpg',4,NULL),(229,'Imaginary Enemies','1424','Piper gets to know her stern new roommate; the prisoners prepare a farewell party for one of their own; a misplaced screwdriver has dire consequences.',7.88,'2013-07-11','/eCxIEhDguoaIpoIHct0QeTGjSRH.jpg',4,NULL),(230,'The Chickening','1424','When her sighting of a legendary feral chicken polarizes the inmates, Larry wonders if Piper is getting too absorbed in the \"fishbowl\" of prison life.',7.78,'2013-07-11','/ZUQMlwisANsGExqFy3xiAncO4o.jpg',4,NULL),(231,'WAC Pack','1424','The inmates campaign along racial lines for positions on a prisoners council, but Piper tries to stay above the increasingly raucous competition.',7.82,'2013-07-11','/pHL87ffFnhbAziM7S9jnHet6EN5.jpg',4,NULL),(232,'Blood Donut','1424','Piper wants the prison\'s outdoor running track reopened, but in order to get it, she\'ll have to give her corrections officer something he wants.',7.80,'2013-07-11','/hSan3djgV7HIDLx4NZ1hCUJuNXS.jpg',4,NULL),(233,'Moscow Mule','1424','Red gets pressured to smuggle drugs through her kitchen; Larry publishes an article about Piper in the \"New York Times;\" two babies come into the world.',7.80,'2013-07-11','/fIbkhhqGNGCq01aSn5vKhqOhtIL.jpg',4,NULL),(234,'Fucksgiving','1424','Thanksgiving arrives with the promise of a visit by Larry, but Piper\'s raunchy dance moves land her in solitary with a holiday feast of moldy bologna.',8.03,'2013-07-11','/bdcoyRcv1aQKW0CyRYOmWhHykEW.jpg',4,NULL),(235,'Bora Bora Bora','1424','Pennsatucky discovers a new skill; the inmates try to scare delinquent teenagers straight; Pornstache\'s side business suffers a tragic setback.',8.09,'2013-07-11','/7iBAq85IZAiNn3bQhAueCj421t0.jpg',4,NULL),(236,'Tall Men with Feelings','1424','The prisoners mourn one of their own and even a drunken Pornstache reveals surprising emotions; Larry gives a revealing radio interview.',8.11,'2013-07-11','/gt0YGGOjWY1MMiC6IvQWNrnJZvb.jpg',4,NULL),(237,'Fool Me Once','1424','Painful truths reorient several relationships and careers; Pennsatucky feels disrespected by Piper, which is not good; Larry delivers an ultimatum.',7.99,'2013-07-11','/xNl7oihTm2PQB9V3LR3fNhnL2Ug.jpg',4,NULL),(238,'Can\'t Fix Crazy','1424','Red\'s scheme to reclaim her kitchen backfires; the inmates stage a Christmas pageant; Piper\'s plans unravel even as she realizes her life is in jeopardy.',8.39,'2013-07-11','/za4SjyamKLOHLwDVUPjStYZfayL.jpg',4,NULL),(239,'Season 2','1424','Shocking revelations and new arrivals shake up the lives and relationships of Litchfield\'s prisoners.',8.47,'2014-06-06','/xekxbBb8sk6gyi0Xq3nNwqJFHX1.jpg',3,NULL),(240,'Thirsty Bird','1424','Piper\'s world is turned upside down when she is forced to confront the consequences of her actions and face new challenges.',8.01,'2014-06-06','/9HI0CaWvqwHL4xd6yt6C5b9dWzB.jpg',4,NULL),(241,'Looks Blue, Tastes Red','1424','A mock Job Fair provides Taystee with a chance to show off her business smarts; Red feels isolated from her prison family.',7.76,'2014-06-06','/fUrtBPiI8v7PLVs3v4nHN1k76Tl.jpg',4,NULL),(242,'Hugs Can Be Deceiving','1424','Piper is challenged by her Soso experience; Morello gets her heart broken; a figure from Taystee\'s past arrives to disturb the status quo.',7.87,'2014-06-06','/wtTt2H5jdECvdYQpgjepvTS852K.jpg',4,NULL),(243,'A Whole Other Hole','1424','Sophia gives the women a much-needed lesson in female anatomy; Morello takes a detour; Larry makes some life changes.',7.88,'2014-06-06','/1o3gOCq5lX6YYZ4tBpNKXqRz0jv.jpg',4,NULL),(244,'Low Self Esteem City','1424','A bathroom turf war sees deeper lines drawn in the sand as Gloria and Vee go head to head. Piper receives devastating news.',7.79,'2014-06-06','/gjQGxxAQmxVbkMT522pI8e9JYZd.jpg',4,NULL),(245,'You Also Have a Pizza','1424','Love is in the air as the inmates prepare for a Valentine\'s Day party; Red makes an intriguing new discovery. Larry asks Piper to be his prison mole.',7.89,'2014-06-06','/gotmC6GaCD4luNBetAUlky6wF2d.jpg',4,NULL),(246,'Comic Sans','1424','Piper starts a prison newsletter with the help of Healy and a few other inmates; Vee launches an entrepreneurial enterprise. ',7.78,'2014-06-06','/gGIph0QRjG59VCe2anuhCMWRm4n.jpg',4,NULL),(247,'Appropriately Sized Pots','1424','Piper faces a new backlash over special privileges; Caputo feels pressure to toughen up, resulting in administrative changes.',7.86,'2014-06-06','/nhiycDr1AMZOyMAWZhoFmK3iHSw.jpg',4,NULL),(248,'40 Oz. of Furlough','1424','Piper\'s relationship with Larry faces a real-world test; Red\'s effort to redeem herself is finally rewarded. A familiar figure returns to Litchfield.',7.96,'2014-06-06','/xUMh9zTpMfq6HOFFeMcYeNg7ZuA.jpg',4,NULL),(249,'Little Mustachioed Shit','1424','The guards get tougher in a bid to turn up prison contraband; a big, lingering secret is finally revealed.',8.03,'2014-06-06','/uL9hSfLBOEkGqcSf6N0jSnJtJV9.jpg',4,NULL),(250,'Take a Break from Your Values','1424','Piper is shocked at an unexpected change in her status; Soso\'s hunger strike attracts new support that takes on a religious fervor.',7.94,'2014-06-06','/rWECLIVLiEqnGyajfUjmEL4oYZp.jpg',4,NULL),(251,'It Was the Change','1424','Tensions run high as a prison power outage forces several issues to come to light. Piper finds herself compromised and is forced to think on her feet.',8.11,'2014-06-06','/yoGOVt01tQfNBz7GcmtQk1gzjcg.jpg',4,NULL),(252,'We Have Manners. We\'re Polite.','1424','Several futures hang in the balance as the inmates face and confront their worst nightmares: Life will never be the same again.',8.62,'2014-06-06','/bossMzlq0cPL8f2DVxYtpv58iHZ.jpg',4,NULL),(253,'Season 3','1424','New business interests, spiritual movements and parental problems upend lives and ignite power struggles among Litchfield\'s residents and guards.',8.04,'2015-06-12','/6CVeQu1HCgolMRJ8Gr1iYwF5aIc.jpg',3,NULL),(254,'Mother\'s Day','1424','Caputo\'s kinder, gentler new regime includes organizing a Mother\'s Day fair for the inmates that brings up a LOT of mixed feelings about family.',7.47,'2015-06-12','/9UoltpPmKZgBU6MLYLtDchzcbOv.jpg',4,NULL),(255,'Bed Bugs and Beyond','1424','Tempers flare when bed bugs invade. Alex cracks. Red lashes out at Piper. Aleida interferes with Daya and Bennett. Caputo gets bad news.',7.46,'2015-06-12','/tTsjwx8hCEppIjn3HkHwEWJF3sQ.jpg',4,NULL),(256,'Empathy Is a Boner Killer','1424','Nicky\'s stash situation gets complicated. Alex and Crazy Eyes try a new drama class. Red assists Healy with a personal matter.',7.60,'2015-06-12','/tefQcT6PENAO1xnpNMTJoBESeZ4.jpg',4,NULL),(257,'Finger in the Dyke','1424','Big Boo comes up with a scheme to make money. Daya, Taystee and Crazy Eyes confront reality. Caputo tries to make a good impression on some visitors.',7.57,'2015-06-12','/flFl4tdrCki3b1UenHss5GjdrG8.jpg',4,NULL),(258,'Fake It Till You Fake It Some More','1424','Rumors fly among the inmates about a new, higher-paying job assignment, especially when they have to take a test for it',7.48,'2015-06-12','/qCInUgSmQNaBUsEimoNmZNy6ccr.jpg',4,NULL),(259,'Ching Chong Chang','1424','Regime change isn\'t going over well with the staff, but Red makes it work for her. Lorna finds a way to meet men. Chang shows her private side.',7.61,'2015-06-12','/upuyvrCXjkyaKNH7qfc6wgbOyE4.jpg',4,NULL),(260,'Tongue-Tied','1424','Norma’s healing powers draw more believers. Piper creates a new business venture. Caputo breaks in the new hires.',7.56,'2015-06-12','/iZBFrUgXOFBY6u5CbRWtv20cdC.jpg',4,NULL),(261,'Fear, and Other Smells','1424','Piper gets creative in order to grow her business. Crazy Eyes’s sci-fi sex story for drama class is a hit. Alex doesn’t trust new inmate Lolly.',7.53,'2015-06-12','/93XCYxmbikqADPVbaXLB3Iw3J2R.jpg',4,NULL),(262,'Where My Dreidel At','1424','Too many inmates seem to be getting religion, so a rabbi comes to visit. Leanne tries to organize Norma\'s followers.',7.58,'2015-06-12','/y068Jmgm5pTVBAaM5riWfBigySo.jpg',4,NULL),(263,'A Tittin\' and a Hairin\'','1424','Pennsatucky, Piper, Crazy Eyes and Lorna get closer with their new admirers. Tensions between Sophia and Gloria, and Alex and Lolly escalate.',7.57,'2015-06-12','/eHGAJB3x0ezLeUnm6Aw5UYAdu6v.jpg',4,NULL),(264,'We Can Be Heroes','1424','Caputo and Piper confront labor issues. A miracle occurs in Norma\'s group. Crazy Eyes\'s erotica winds up in the hands of the staff.',7.69,'2015-06-12','/2ZxBZRh9uO77f6jMZsdkGoBBNNB.jpg',4,NULL),(265,'Don’t Make Me Come Back There','1424','Daya goes into labor. Sophia suffers a hate crime. Stella helps Piper with a business snag. Taystee takes on a new role.',7.75,'2015-06-12','/ubmos2DF9Jew1va9DMFfrduMTre.jpg',4,NULL),(266,'Trust No Bitch','1424','Miracles and conversions occur, but Piper and Caputo know that some situations can\'t be dealt with through spiritual means.',8.12,'2015-06-12','/fbQdjpUCgWtsDt7zydhL0UPgrOI.jpg',4,NULL),(267,'Season 4','1424','Tensions were already running high at Litchfield. Throw 100 new inmates into the mix, and it\'s going to get really rough.',8.44,'2016-06-17','/r4kUNRIcBAPJJ3MSzTbyzbLNGBa.jpg',3,NULL),(268,'Work That Body for Me','1424','With a major security breach and a lot of new inmates, Caputo has to call in the big guns. Things get a little too real for Crazy Eyes and Lolly.',7.80,'2016-06-17','/bi53Ydx5ZvShRrsEAHYMVjqUTSq.jpg',4,NULL),(269,'Power Suit','1424','The newcomers stir up ethnic and domestic conflicts, but Maria sees an opportunity. Judy\'s special treatment raises eyebrows.',7.52,'2016-06-17','/mYRHZ3k6OwoeBelUjOHvlkvltw3.jpg',4,NULL),(270,'(Don\'t) Say Anything','1424','A new job puts Taystee close to Caputo. Lorna has to get creative in her marriage. Soso and Poussey deal with some awkward truths.',7.63,'2016-06-17','/bJkRqnYZcVNK2IS2jVsxzICN4Eg.jpg',4,NULL),(271,'Doctor Psycho','1424','Nothing stays hidden for long when emotions run high, but Red, Healy and Caputo try to keep the peace. Piper has a business competitor.',7.56,'2016-06-17','/paFCasrlPnCrViIqqSvSU91n6sG.jpg',4,NULL),(272,'We\'ll Always Have Baltimore','1424','Company policies lead to a shortage of critical supplies and an eventful trip to a prison convention. Piscatella starts a new anti-gang initiative.',7.51,'2016-06-17','/7ragrxvPdU3LKiC42g61vuEinjH.jpg',4,NULL),(273,'Piece of Sh*t','1424','Piper\'s plan to edge out the competition could backfire badly. Cindy finds a way to make Taystee\'s job pay off. Luschek gets some interesting mail.',7.66,'2016-06-17','/iELqxCboiOPUlYSxkQ9MvmdhKhM.jpg',4,NULL),(274,'It Sounded Nicer in My Head','1424','Paranoia strikes deep for Lolly and Judy, aggravating an already tense situation. Red sticks to a Russian tradition for an important occasion.',7.76,'2016-06-17','/2iKVENQ56soRiWNvSCGKhuuLiKD.jpg',4,NULL),(275,'Friends in Low Places','1424','A new work detail doesn\'t go over well with the inmates. Judy seeks help from Poussey. Maria finds a place she can conduct business.',7.72,'2016-06-17','/893EZMh52fzJk1IkEC8Fi4pktzx.jpg',4,NULL),(276,'Turn Table Turn','1424','Ramos and Flores figure out ways to rebel against authority. A news item has an unexpected effect. Red and Lorna face personal disappointment.',7.60,'2016-06-17','/fxPJFuk8sxdArWsTz8B9bh2m9HE.jpg',4,NULL),(277,'Bunny, Skull, Bunny, Skull','1424','The movie night selection becomes controversial. Aleida makes an adjustment. Piper worries the prison punishments are getting medieval.',7.72,'2016-06-17','/dbFDvMkv1hadq0L8sVsgd4AS7Jo.jpg',4,NULL),(278,'People Persons','1424','Caputo\'s leadership is challenged and the inmates are in for a long night of lockdown after workers make an unsettling discovery.\n',7.93,'2016-06-17','/lGbLb4AF59smEctyLZznphCB192.jpg',4,NULL),(279,'The Animals','1424','Alliances shift among the prison \"families\" as Piscatella and his guards crack down. Poussey, Judy and Alex prefer to look ahead to the future.',8.09,'2016-06-17','/87BlphK0MYFDt19dIJLzstX0GVe.jpg',4,NULL),(280,'Toast Can\'t Never Be Bread Again','1424','Corporate bureaucracy and simmering anger work against Caputo\'s efforts to keep a sensitive situation under control.',8.36,'2016-06-17','/hRsZxbPJ4eNmFwK6rruht3kA9qK.jpg',4,NULL),(281,'Season 5','1424',NULL,7.83,'2017-06-09','/mv9FXJJZqRPv0lxKGBfXE3c3Eaq.jpg',3,NULL),(282,'Riot FOMO','1424','As the standoff at the prison spirals into a full-blown riot, enterprising inmates take advantage of the confusion. Taystee confronts Caputo.',7.68,'2017-06-09','/gmCtFgdkdciHT967oo3pKLlefsH.jpg',4,NULL),(283,'Fuck, Marry, Frieda','1424','Maria convenes a special assembly in the chapel as the inmates plot their next move. Frieda makes use of the survival skills she learned as a kid.',7.63,'2017-06-09','/kXhPjj0bfuiz3QtLeEIBOakIODO.jpg',4,NULL),(284,'Pissters!','1424','Linda begins to see the prison in a new light, while Judy grows desperate to escape. With darkness falling, the inmates compile a list of demands.',7.53,'2017-06-09','/vHGOKOCmb4riDiU5PQHE160zlAx.jpg',4,NULL),(285,'Litchfield\'s Got Talent','1424','Red and Blanca dig for dirt on Piscatella. Suzanne conducts a séance. The guards show off their talents for \"Litchfield Idol\" judges Leanne and Angie.',7.55,'2017-06-09','/vwzh6rE8glHMM8Oa9zZ8wuzpXqK.jpg',4,NULL),(286,'Sing It, White Effie','1424','When the inmates\' antics make the morning news, Flaca and Maritza soak up the spotlight. Brandy and her crew auction off Judy to the highest bidder.',7.74,'2017-06-09','/A15Ch7FQxvAheEKKV8sSJQ04j4k.jpg',4,NULL),(287,'Flaming Hot Cheetos, Literally','1424','Boo defends Doggett, Janae consoles Soso, and Lorna comes on to Nicky. While Alex lays low in the yard, Piper decides to take a stand.',7.65,'2017-06-09','/hCxyhrdLrl3iJeAf6O4kZEfBla2.jpg',4,NULL),(288,'Full Bush, Half Snickers','1424','Black Cindy concocts a scheme to distract Suzanne when she spirals out of control. Taystee and Piper search for ways to honor Poussey\'s memory.',7.61,'2017-06-09','/bhYEF8TJxe77IEb9EMnIV0EnPPq.jpg',4,NULL),(289,'Tied to the Traintracks','1424','While Taystee sits down with a negotiator, Red and Blanca put their own plan into action. Gloria counsels Daya and asks Caputo for a favor.',7.76,'2017-06-09','/5FeaWGRnzWesG2hQYgGpKr0vrv6.jpg',4,NULL),(290,'The Tightening','1424','Red senses trouble, but the others are convinced she\'s just paranoid. Taystee and Black Cindy enlist an unlikely ally, and two old friends clash.',7.79,'2017-06-09','/62B5y5EgpEYkXIR8kEUkEWlsPyP.jpg',4,NULL),(291,'The Reverse Midas Touch','1424','Taystee tries to keep the negotiations on track. Angie comes up with an idea for fixing Leanne\'s finger. Piscatella\'s past is revealed.',7.92,'2017-06-09','/aYeCe7Qpst1h9oOt4gdYk053ebW.jpg',4,NULL),(292,'Breaking the Fiberboard Ceiling','1424','Red and the others weigh their options. Gloria wrestles with her conscience as she moves forward with a plan. Lorna takes over the pharmacy.',7.81,'2017-06-09','/oHaFJ0PH9GQBKc6IbOKjhSMjOV2.jpg',4,NULL),(293,'Tattoo You','1424','Boo dabbles in blackmail, Nicky promises to help Lorna, Doggett makes a discovery, and Piper comes to a realization about Alex.',7.77,'2017-06-09','/cmH08QQQJpuZRWyCdAve75qyLQD.jpg',4,NULL),(294,'Storm-y Weather','1424','As chaos descends on Litchfield three days into the riot, the inmates wonder what the future holds and seek solace in loved ones.',8.30,'2017-06-09','/gEJVDdXsYK6yKvkT2rJM7phm77i.jpg',4,NULL),(295,'House of Cards','1425','Ruthless and cunning, Congressman Francis Underwood and his wife Claire stop at nothing to conquer everything. This wicked political drama penetrates the shadowy world of greed, sex and corruption in modern D.C.',8.96,'2013-02-01','/6AquMx9MoJZTaZIR2AokSDATFCt.jpg',2,NULL),(296,'Season 1','1425','Betrayed by the White House, Congressman Francis Underwood embarks on a ruthless rise to power. Blackmail, seduction and ambition are his weapons.',8.88,'2013-02-01','/oUfT2AbMVCYbVA3GIBbPqA6ZpUC.jpg',3,NULL),(297,'Chapter 1','1425','When the newly elected President reneges on a promise, Francis and Claire decide to sever all allegiances and toss the rules out the window.',8.20,'2013-02-01','/6sAKJySMV5VlrlBs6q9V8FjkwQd.jpg',4,NULL),(298,'Chapter 2','1425','Francis and Doug plan to frame Secretary of State nominee, Michael Kern. Meanwhile, Zoe\'s popularity at the Washington Herald continues to grow.',8.17,'2013-02-01','/1vjZa5tTaz86kKKBhiYBWnkRlQl.jpg',4,NULL),(299,'Chapter 3','1425','Francis heads for his hometown to deal with a crisis. Zoe negotiates the politics of being a journalist on the rise. Claire finds herself a new business partner.',8.11,'2013-02-01','/vMXqVtz5ZBR4xuWFTRBJtj0DvSl.jpg',4,NULL),(300,'Chapter 4','1425','Francis shakes down the Congressional leadership. Zoe is offered the promotion of White House Correspondent and doesn\'t know if she should take it or not.',8.09,'2013-02-01','/1BseCNuPiQHWChHbxGDz5WaBoxG.jpg',4,NULL),(301,'Chapter 5','1425','A feud starts between Francis and Marty Spinella. Russo goes into depression about the job losses at the shipyards.',8.19,'2013-02-01','/33pCcjWAYRcgXWKhWk0wPXp5Mfe.jpg',4,NULL),(302,'Chapter 6','1425','The strike between Frank and Marty starts to get out of hand. Russo has decided to run for Governor of Pennsylvania.',8.23,'2013-02-01','/6cXGqA2XqnuAREg6z3VvErifu5I.jpg',4,NULL),(303,'Chapter 7','1425','Frank helps Peter get ready for his governor race, but Peter is starting to have second thoughts. Doug tries to help a young hooker in trouble.',7.99,'2013-02-01','/vj7hlPqAKTHrQxCMmp74G04VPPY.jpg',4,NULL),(304,'Chapter 8','1425','Frank has a library named after him at his old military school. Peter tries to win back the support of his hometown.',7.69,'2013-02-01','/aQjFqJtsyySgtOt5273N2GAQIaJ.jpg',4,NULL),(305,'Chapter 9','1425','Frank tries to do whatever it takes to get the new bill passed in Congress. Russo goes on a bus campaign with the Vice President, but the VP is not making it an easy trip for him. Zoe\'s relationship with Frank gets a little bumpy.',8.16,'2013-02-01','/zgZg8gzvDa0yqvagURKSA706FvX.jpg',4,NULL),(306,'Chapter 10','1425','Claire fuels an old flame. Peter wrestles with his demons. Francis crosses the point of no return.',8.18,'2013-02-01','/v3jUPbKmVpaH8a6Qv295qkEdhVm.jpg',4,NULL),(307,'Chapter 11','1425','Zoe extends her time away from The Hill while Francis tracks down Russo and engages in damage control. ',8.31,'2013-02-01','/tVxl2dA9O8ajENIaHhwHo69fk5y.jpg',4,NULL),(308,'Chapter 12','1425','The President sends Frank to St. Louis to persuade Raymond Tusk into becoming the new Vice President. Zoe and Janine investigate Peter Russo\'s death.',8.15,'2013-02-01','/nV48z5uXfJH2DIGim4eRSldd02C.jpg',4,NULL),(309,'Chapter 13','1425','Frank scrambles to keep his plan on track. Gillian is planning to sue Claire. Zoe, Janine, and Lucas investigate Rachel Posner and her relationship with Peter Russo.',8.41,'2013-02-01','/vsuWBB8cF18VKfCAIei1htFGKkf.jpg',4,NULL),(310,'Season 2','1425','In their ruthless rise to power, Francis and Claire battle threats past and present, and form new alliances while old ones succumb to betrayal.',8.71,'2014-02-14','/e5WNFWA1ZLnHxpr9xQdZMhEpvNo.jpg',3,NULL),(311,'Chapter 14','1425','The Underwoods tackle two threats that could bring their plans to ruin. Francis grooms his replacement as Whip. Claire goes on the offensive.',8.71,'2014-02-14','/z91LQoFwhVcpeu3bZAQVIQ8B7kS.jpg',4,NULL),(312,'Chapter 15','1425','Amid turmoil in the home, Frank takes office. Foreign relations become entangled as Durant\'s team bungles a meeting. As foes negotiate to thwart her, Jackie maneuvers to strengthen her position. Lucas acquires new skills in order to pursue his secret investigation. ',8.03,'2014-02-14','/3CTVNSqSBE6wl2MTd0kCLPpfzeO.jpg',4,NULL),(313,'Chapter 16','1425','Tension rises between Francis and Raymond Tusk as the situation with China deteriorates. A battle in the Senate pits Francis against the Republicans.',8.08,'2014-02-14','/rXXh4m1daaLSC6p5iVDrljnkUKT.jpg',4,NULL),(314,'Chapter 17','1425','A terror scare at the Capitol traps Francis with a resentful Donald Blythe. Claire gives a live interview that rocks the media.',8.29,'2014-02-14','/lPprjEmxdRE2nNQy1AzG8tFEAh1.jpg',4,NULL),(315,'Chapter 18','1425','Francis back-channels with a Chinese billionaire. Lucas uses extreme measures to expose the Vice President. A shadowy figure joins Team Underwood.',7.99,'2014-02-14','/3d9v7vXp1e9EoVKB3mwZc3mXBih.jpg',4,NULL),(316,'Chapter 19','1425','Amidst an energy crisis, Francis and Tusk end their shaky alliance. Lucas must make a difficult choice. Stamper grows closer to Rachel.',7.94,'2014-02-14','/mtgMfDZ6ljzYMIqzaojoZTzhKol.jpg',4,NULL),(317,'Chapter 20','1425','Despite some friction, the Walkers deepen their friendship with the Underwoods. But it\'s all-out war between Francis and Tusk.',7.98,'2014-02-14','/ic09rdouhfHbbxb7tQNaDeRwhgY.jpg',4,NULL),(318,'Chapter 21','1425','The war with Tusk intensifies. Claire influences Tricia Walker politically and domestically. Francis has a show-down with Linda Vasquez.',8.09,'2014-02-14','/7rvGPOhfKWOUSQRl96OGtE0SmWh.jpg',4,NULL),(319,'Chapter 22','1425','Things get personal when Tusk blindsides the Underwoods with a scandal. Freddy and his BBQ joint get caught up in the mix.',8.20,'2014-02-14','/nLfMbhVy4iucq2fUN039roQfUOd.jpg',4,NULL),(320,'Chapter 23','1425','With a military stand-off overseas and potential violence at home, Francis wants to finish off Tusk for good. Claire and Jackie Sharp collide.',8.04,'2014-02-14','/9ZSl47CVSQMmbeau7ghQdWyRk7C.jpg',4,NULL),(321,'Chapter 24','1425','A Special Prosecutor interrogates Francis. Remy Danton tries to keep his options open. Stamper wrestles with his demons.',8.21,'2014-02-14','/grwrv79vDn0w8UrQhcBNe9kTTK7.jpg',4,NULL),(322,'Chapter 25','1425','Francis finds himself shut out and Claire makes a difficult sacrifice. Stamper tries to regain control.',8.27,'2014-02-14','/4sTmsXEM7SMYqZg8qF9o8FRLlGG.jpg',4,NULL),(323,'Chapter 26','1425','Francis faces annihilation while the nation is in an uproar. Stamper must tie up loose ends. Claire feels the cost of ruthlessness.',8.81,'2014-02-14','/eED02PqgQFR9aePrwfm5J24bfEw.jpg',4,NULL),(324,'Season 3','1425','President Underwood fights to secure his legacy. Claire wants more than being First Lady. The biggest threat they face is contending with each other.',8.00,'2015-02-27','/za2XGEr1BWAuZkI0veLEwVxy30S.jpg',3,NULL),(325,'Chapter 27','1425','A rocky start for the Underwood Presidency. Frank wants to introduce an ambitious jobs program, while Claire sets her sights on the United Nations.',7.74,'2015-02-27','/uMHBlf6kYYRxGGmZhvCJQT7pNW6.jpg',4,NULL),(326,'Chapter 28','1425','Claire\'s U.N. bid runs into trouble. Frank fights off mutiny with a bold address to the country.',7.77,'2015-02-27','/9wF8NpqsHl1CI8Th2RVq0MLDX6f.jpg',4,NULL),(327,'Chapter 29','1425','The Russian president\'s state visit becomes a cold war of wills, and some punks heat things up.',7.81,'2015-02-27','/394ReRMqzcX2CN0NAPq6SLci9qp.jpg',4,NULL),(328,'Chapter 30','1425','Claire bypasses Russia at the U.N. Frank tries to outmaneuver a potential challenger and ends up face to face with a higher power.',7.65,'2015-02-27','/P3fbW8FKj2UrJYv3jtiYrQg63D.jpg',4,NULL),(329,'Chapter 31','1425','Frank declares war on Congress to jump-start his jobs program. Claire spars with the Russian Ambassador.',7.67,'2015-02-27','/4n2b5xWMdRqwF42dWHvx1AlhY6p.jpg',4,NULL),(330,'Chapter 32','1425','Frank and Claire travel to Moscow to negotiate the return of an imprisoned U.S. citizen. Claire takes a stand that jeopardizes their plans.',8.12,'2015-02-27','/zk7ZKFzaetHCpj1fN96PYXnJ8E1.jpg',4,NULL),(331,'Chapter 33','1425','The damage is done and the Underwoods must repair it. But deep wounds don\'t heal fast, and sometimes not at all.',7.61,'2015-02-27','/wyYtFGv8athHOkadbrD4kfr3J48.jpg',4,NULL),(332,'Chapter 34','1425','A hurricane endangers more than just the entire East Coast and Frank must make a difficult choice.',7.70,'2015-02-27','/wQmxJCDMDb85IRmxk9ilkvOY7XS.jpg',4,NULL),(333,'Chapter 35','1425','The Jordan Valley erupts in chaos as Frank\'s campaign is picking up steam. Claire gets disturbing intel and counsels him.',7.69,'2015-02-27','/pCNZMCI3J51O2HfJdjk81ctihSO.jpg',4,NULL),(334,'Chapter 36','1425','Frank needs to deal with Petrov one on one while Claire tries to preserve the peace-keeping mission. Sacrifices must be made.',7.60,'2015-02-27','/hQWoj3JHqfAcUl3EX6WutF8Rj9f.jpg',4,NULL),(335,'Chapter 37','1425','Things turn ugly when Frank, Jackie, and Heather square off during their first debate. Tom joins Claire on the campaign trail.',7.99,'2015-02-27','/n32TwwAv6Tplb3AsHz4dA0KUSAD.jpg',4,NULL),(336,'Chapter 38','1425','Heather Dunbar goes for the jugular, forcing Claire to confront her worst fears. The rift between Frank and Claire widens.',7.84,'2015-02-27','/uj78KJ8K9SyMYgSMdxCFhky1pqm.jpg',4,NULL),(337,'Chapter 39','1425','In the midst of the Iowa caucuses, Frank and Claire must confront hard truths about each other.',8.03,'2015-02-27','/s9TwFkEx8arMPwalN3wKs8Rx7N5.jpg',4,NULL),(338,'Season 4','1425','They\'ve always been a great team. But now in season four, Frank and Claire become even greater adversaries as their marriage stumbles and their ambitions are at odds. In an election year, the stakes are now higher than ever, and the biggest threat they face is contending with each other.',8.67,'2016-03-04','/1GeYr0qAYpxIGiIabzu1WqzKgtQ.jpg',3,NULL),(339,'Chapter 40','1425','Claire\'s absence causes problems for Frank on the campaign trail amid rumors of a marital rift. Claire tries to strike out on her own.',7.61,'2016-03-04','/cYFDcXovJN8PA8I9mWRnsGCrHND.jpg',4,NULL),(340,'Chapter 41','1425','As Claire begins exploring a campaign of her own, she and Frank engage in backdoor political maneuvering. But this time they\'re not on the same side.',7.65,'2016-03-04','/kLB9Qv4iTYCewVf6F38ISmU633z.jpg',4,NULL),(341,'Chapter 42','1425','Claire joins Frank as he stumps in South Carolina, but he doesn\'t trust her. A disastrous scandal blindsides Frank\'s campaign on primary day.',7.92,'2016-03-04','/xodFyCDBVa4zjzEf37poflRSk4N.jpg',4,NULL),(342,'Chapter 43','1425','Claire threatens Frank. Frank makes a politically bold move that may provoke Russia. An event at a campaign stop changes everything.',8.17,'2016-03-04','/qq8upbp6c7wCYPMXGK7J2uJouQA.jpg',4,NULL),(343,'Chapter 44','1425','Claire advises Donald Blythe on dealing with Petrov. Further investigations of Lucas Goodwin dredges up his accusations against Frank.',7.80,'2016-03-04','/fuQLG08nhwpH9doMadv4ly5Ccg5.jpg',4,NULL),(344,'Chapter 45','1425','Claire clashes with the Secretary of State over her involvement in negotiations with Russia. Dunbar must choose between her campaign and her ethics.',7.95,'2016-03-04','/zN2DH6xZdy3QBFfAlXYabyuQlzi.jpg',4,NULL),(345,'Chapter 46','1425','Frank and Claire adjust to their new reality. The search for Frank\'s running mate begins. Frank starts a campaign to weaken Conway\'s strong support.',7.85,'2016-03-04','/A8PGgUxcCUUtXYMH3RiLhWRumLX.jpg',4,NULL),(346,'Chapter 47','1425','Formidable as ever, both Underwoods have their eyes on the big picture as they manipulate a potential running mate and push the gun bill.',7.65,'2016-03-04','/A89VnVtJyD8NxdgYGwP0Nyw1zAv.jpg',4,NULL),(347,'Chapter 48','1425','At the convention, Frank and his team publicly push for Catherine Durant to be chosen as his running mate, but privately pursue a different agenda.',7.88,'2016-03-04','/al9EvPl9huoVdAnTlYj9RlNAr4E.jpg',4,NULL),(348,'Chapter 49','1425','As Frank deals with a new threat to his candidacy, Claire has doubts about their plan. Claire faces a difficult decision concerning her mother.',8.20,'2016-03-04','/pLarLmlsGWE0kgK7UWB2z3NCPl7.jpg',4,NULL),(349,'Chapter 50','1425','Frank ups the ante on the war on terror to counter Conway\'s public show of strength. Tom joins Claire on the campaign trail.',7.77,'2016-03-04','/2yqQTueyjgqW3khdVXuV9CtEWif.jpg',4,NULL),(350,'Chapter 51','1425','Frank asks Will to help deal with extremists threatening to murder hostages. Hammerschmidt digs deeper into the allegations against Frank.',8.00,'2016-03-04','/wcJuWSQ6kKNwHJAZgoczDXjX4lS.jpg',4,NULL),(351,'Chapter 52','1425','As the hostage situation continues, Claire secretly negotiates with Yusuf al Ahmadi. Frank confronts Hammerschmidt.',8.52,'2016-03-04','/kKtoxmVKX0wSSKM3xnlIkx31v5z.jpg',4,NULL),(352,'Season 5','1425','Season five picks up where it left off: in the midst of a tense presidential election that puts the Underwoods on the same ticket against energetic Republican upstart Will Conway. Viewers will see how their heated campaigns play out as well as which alliances dissolve in the aftermath. Perhaps the biggest question is if Frank and Claire’s relationship is among them.',8.13,'2017-05-30','/xaYAGAQwpsYhLdX9JKTaGI2zgCE.jpg',3,NULL),(353,'Chapter 53','1425','As Congress debates investigating Frank, he and Claire attempt to stoke fear of terrorism. Tom Yates continues his stay in the White House.',7.83,'2017-05-30','/1Xn58CmmTOHnzxOUK1VvuoyYrjR.jpg',4,NULL),(354,'Chapter 54','1425','Frank and his team work to leverage support in key states by any means necessary. Claire learns some upsetting news about one of Frank\'s friends.',7.74,'2017-05-30','/kXDHOaaJfZGITHckOvtiXAhNogm.jpg',4,NULL),(355,'Chapter 55','1425','The day before the election, Conway holds a 24-hour Skype session with voters, while Frank and Claire stump in key states and try to discredit him.',7.69,'2017-05-30','/A3SE9uT3RmdCUibnWU9LOkf9eB3.jpg',4,NULL),(356,'Chapter 56','1425','With a tight race and low voter turnout on Election Day, things look grim for Frank. But he\'s still got one more trick up his sleeve.',7.87,'2017-05-30','/fpDX6Z3ZP8FWMJsjsN1i1G1Hw41.jpg',4,NULL),(357,'Chapter 57','1425','Nine weeks after Election Day, the Underwoods work to consolidate their power. Leann tries to track down a missing Aidan Macallan.',7.69,'2017-05-30','/pfFo1NJCKnoSugAgwqvjsRteX4t.jpg',4,NULL),(358,'Chapter 58','1425','In the midst of uncertainty, suspected Russian forces take over an American station in Antarctica. Meanwhile, a damaging news leak could hurt Frank.',7.63,'2017-05-30','/jTry9NWJOrF33vBjJTmnmMHvDNZ.jpg',4,NULL),(359,'Chapter 59','1425','When a crisis forces White House personnel to take shelter in a bunker, Commerce Department official Jane Davis negotiates through back channels.',7.84,'2017-05-30','/1Qf2vfDj2DVdAnexu6PMNsUji1e.jpg',4,NULL),(360,'Chapter 60','1425','While Frank attends an elite men\'s weekend gathering to firm up support, Claire deals with a stranded Russian ship and threats from Petrov.',7.69,'2017-05-30','/iF36sfyjNGzVWBBMZ16hmOcWe8C.jpg',4,NULL),(361,'Chapter 61','1425','Petrov tries to influence affairs in the U.S. Jane discusses her agenda with Claire. With her job at stake, Leann reaches out to a reporter for help.',7.69,'2017-05-30','/8MOQrYJzzq7kflbQibWCaPPm370.jpg',4,NULL),(362,'Chapter 62','1425','The Underwoods and their team angle to undermine the revived committee investigating Frank. Hammerschmidt\'s investigation heats up.',7.78,'2017-05-30','/xFY41KgBD9tgrp9uXzWbQiXqamv.jpg',4,NULL),(363,'Chapter 63','1425','As the team tries to control fallout from damaging testimony and leaks, everyone is under suspicion and tensions flare between Frank and Claire.',7.82,'2017-05-30','/fFFuFSpMuAJKmYyjyWZq7X2By9G.jpg',4,NULL),(364,'Chapter 64','1425','Frank attempts to stop Cathy from testifying. With Hammerschmidt sniffing out the truth, the Underwoods throw someone close to them under the bus.',8.17,'2017-05-30','/8QTtCMqMY5u9CMFNrTYSBlWgrNV.jpg',4,NULL),(365,'Chapter 65','1425','In the wake of a surprising announcement, everything at the White House is shaken up. A decision must be made about whether to go to war. ',8.14,'2017-05-30','/mbQqlUn5sAggVOM4WdWEN060RaI.jpg',4,NULL),(366,'Dark Matter','62425','The six-person crew of a derelict spaceship awakens from stasis in the farthest reaches of space. Their memories wiped clean, they have no recollection of who they are or how they got on board. The only clue to their identities is a cargo bay full of weaponry and a destination: a remote mining colony that is about to become a war zone. With no idea whose side they are on, they face a deadly decision. Will these amnesiacs turn their backs on history, or will their pasts catch up with them?',7.67,'2015-06-13','/oWYOFBvIMkW64n51uD4mdje6k2u.jpg',2,NULL),(367,'Season 1','62425','Six strangers wake up with total amnesia on a spaceship. Over the course of the first season, they piece together their former identities while battling internal and external threats. By the end of the season, a traitor amongst them - the person that wiped their memories - is revealed.',7.90,'2015-06-13','/yJyjf5EZkOajfcT5SJ4zZwpVCG8.jpg',3,NULL),(368,'Episode One','62425','Six strangers awake amnesic on a marooned and damaged spacecraft. Quickly however they discover their personal talents and from there struggle to understand who they are and what has happened to them.',7.40,'2015-06-13','/s5hgi2fUYr4tS8lO2PQbZmJHkxd.jpg',4,NULL),(369,'Episode Two','62425','The motley crew discover a small mining colony on a planet that happens to be the target of big corporations. Discovering their identities brings each one to question who they really are.',7.34,'2015-06-20','/jtmtr5WUYozHH6V65vlkHXuUi6n.jpg',4,NULL),(370,'Episode Three','62425','When the ship mysteriously veers off course, suggestions of sabotage abound, fueling the onboard paranoia. A perilous spacewalk is required to bring the ship’s systems back online.',7.34,'2015-06-27','/8B98ChE0j5QOqkrELd89EGE9VUX.jpg',4,NULL),(371,'Episode Four','62425','The past comes back to haunt members of the crew during a stopover at a space station, during which Four makes a stunning discovery, while Two and Five learn that some games of chance come with surprising risks. Elsewhere, Six receives some unwanted attention at a local clinic; and One and Three\'s attempts to sell the weapons in their cargo hold lands them at a dangerous disadvantage.',7.38,'2015-07-04','/w0zhlFyee3AE7venCV3z786oI1e.jpg',4,NULL),(372,'Episode Five','62425','The crew members find themselves trapped on a freighter with victims of a plague. Will someone on the team be infected by that terrible plague? \n',7.47,'2015-07-11','/qX1jJ26TI2CHsqDgOMUZrUFA5qm.jpg',4,NULL),(373,'Episode Six','62425','Chemical hypnosis and the ship\'s neural link are used to explore the memories secreted away in Five\'s subconscious, during which she uncovers the dark truth about Four and Six\'s violent pasts. She also learns about the circumstances that landed her on the ship and gains some insight into the idyllic childhood of a mysterious little boy.',7.48,'2015-07-18','/mlRRxZNJMctDUyiX12cWwMCAe21.jpg',4,NULL),(374,'Episode Seven','62425','The crew finally gain access to the secret room in the ship\'s underbelly and among the items they find inside are a sunny android and a desperately ill woman who reveals a connection to Three.',7.60,'2015-07-25','/h9LZl4HOqaLHoJh5SvjzUwVRvyG.jpg',4,NULL),(375,'Episode Eight','62425','The crew stop at a space station to refuel and rest, but Six has a different agenda, which has to do with revenge. Meanwhile, One is taken aback by an unwelcome revelation.',7.60,'2015-08-01','/xYUAvIP03DIpDc8PLpnUirtHZlJ.jpg',4,NULL),(376,'Episode Nine','62425','Four abandons the ship to embark on a reckless mission to reclaim his past and the crew are left wondering whether they should rescue him or let fate run its deadly course.',7.58,'2015-08-08','/3hoG6ui2KCvduEskBGTQahWoznJ.jpg',4,NULL),(377,'Episode Ten','62425','The crew takes on a job stealing a device from a rival corporation, but another team of mercenaries have the same goal.',7.67,'2015-08-15','/liWa77KuIoBpTVJwEwZ4xtQa69o.jpg',4,NULL),(378,'Episode Eleven','62425','The crew plots to reclaim the ship from the mercenaries that are determined to deliver them to the Galactic Authority.',7.91,'2015-08-22','/rMbh0U1laQTyWkNYQuQ1K6e3aqc.jpg',4,NULL),(379,'Episode Twelve','62425','The team\'s handler sends the crew on another mission to retrieve a scientist being held against his will.',7.72,'2015-08-29','/3v3eDnm9zMwFhvIALRu4L5PfyfH.jpg',4,NULL),(380,'Episode Thirteen','62425','Crew members are targeted, and paranoia mounts as they search for the perpetrator; the person responsible for the mind-wipe makes a move.',7.93,'2015-08-29','/hpuMLsdKRr8gbRL2Wonok87cUYl.jpg',4,NULL),(381,'Season 2','62425','In Season 2, the crew of the Raza becomes embroiled in an intergalactic conspiracy, seeking a mysterious device that may hold the key to victory in a looming all-out corporate war. In the aftermath of the betrayal of one of their own, they are split up - some imprisoned, others shuttled off to begin a new life. Fate, new allies and a larger enemy propels them to a new adventure.',7.93,'2016-07-02','/gdstJAqRq4cGialTj1xkOLKAWkd.jpg',3,NULL),(382,'Welcome to Your New Home','62425','The crew awakens to find themselves prisoners on the Hyperion-8 Maximum Security Galactic Detention Facility.',7.67,'2016-07-02','/66hwm1OWfMlbcS2Qpp9Ug8wa4SI.jpg',4,NULL),(383,'Kill Them All','62425','Imprisoned in Hyperion-8, the crew must negotiate attempted assassinations, extraditions, and behind-the-scenes machinations as they plot their escape.',7.81,'2016-07-09','/qL49IXlCt0vyI3RxHnFhVx8lKFy.jpg',4,NULL),(384,'I\'ve Seen the Other Side of You','62425','The neural link triggers a dangerous glitch and the crew start to turn against each other while hiding out in empty space in an effort to lose the GA.',7.65,'2016-07-16','/m02rV3hNk8ztTDKV0WTTz8IHper.jpg',4,NULL),(385,'We Were Family','62425','Three manages to reconnect with his former crew. The Android ends up in some unique company.',7.70,'2016-07-23','/ocsrZvu0j6AAIETfVRgLybrjLm8.jpg',4,NULL),(386,'We Voted Not to Space You','62425','The Android goes undercover to try and help the crew track a dangerous, yet familiar, foe.',7.73,'2016-07-30','/p8ik3oGleFlOoWsrmiXYdgu2hJt.jpg',4,NULL),(387,'We Should Have Seen This Coming','62425','Desperate for money, the Raza crew follow Nyx\'s lead on an op, only to discover that their target is a personal one.',7.62,'2016-08-06','/h7D8hqJTe12kffO2R1rtvaTo0Ki.jpg',4,NULL),(388,'She\'s One of Them Now','62425','Three crew members infiltrate a highly secure facility with the help of their handler.',7.70,'2016-08-13','/kfPzYq0bWJGJJz5k0cuTOEblIbZ.jpg',4,NULL),(389,'Stuff to Steal, People to Kill','62425','A Blink Drive test goes awry, propelling the Raza to a parallel reality.',7.73,'2016-08-20','/iE7PBFjVnBHm7DnjUSYa3ia0rGJ.jpg',4,NULL),(390,'Going Out Fighting','62425','The crew takes a dangerous mission inside Dwarf Star Technologies in a desperate bid to save their ailing leader.',7.81,'2016-08-27','/8y7B8Vvv0Der3CHy5kuNF6b8qhZ.jpg',4,NULL),(391,'Take the Shot','62425','Mayhem on the ship sheds light on some crew members\' dark pasts.',7.72,'2016-09-03','/sIOPxq2x2A2aNIVWYlrPFmx9Vo0.jpg',4,NULL),(392,'Wish I\'d Spaced You When I Had the Chance','62425','The crew races against time to track down and locate a missing Three and Five before the Galactic Authority gets to them first.',7.73,'2016-09-10','/u5ePMl1g6ELmWV29uRGMalVq3Zo.jpg',4,NULL),(393,'Sometimes in Life You Don\'t Get to Choose','62425','Four\'s loyalty is put to the test when he attempts to reclaim the throne of Ishida.',8.10,'2016-09-10','/lt7KFCtiLDTxpI09Y6ypGNhD1S7.jpg',4,NULL),(394,'But First, We Save the Galaxy','62425','The crew of the Raza works to prevent the destruction of a space station and prevent an all out corporate war.',8.03,'2016-09-17','/AdEVwSBxRFTl8sIglXDB9ZqBdXd.jpg',4,NULL),(395,'Season 3','62425','Who\'s dead? Who\'s not? Our anti-heroes are left scattered and presumed to be dead as the corporations prepare for an all-out war. Buck up! We\'re in for one hell of a fight, team!',8.71,'2017-06-10','/t5cN1LwdTeRe76kfnOpaCp3mvNV.jpg',3,NULL),(396,'Being Better Is So Much Harder','62425','The scattered survivors of EOS-7 battle to regroup amidst the backdrop of corporate war. Ryo Ishida, now emperor of Zairon, makes an enemy of his former allies, while the past comes back to haunt the crew of the Raza.',7.85,'2017-06-10','/khROBjWwx5TuxZDqamge8j2HXi7.jpg',4,NULL),(397,'It Doesn\'t Have to Be Like This','62425','The crew of the Raza target an Ishida research station in an attempt to take back the Blink Drive.',7.85,'2017-06-10','/ghzdRFc2UDiwpuEUzSufF5soBDt.jpg',4,NULL),(398,'Welcome to the Revolution','62425','After receiving a distress call from a former associate, the crew of the Raza find themselves in the middle of a colony\'s fight for independence.',7.73,'2017-06-17','/uPTf3pLcdaxaMqzfJk9HHV7ZPHN.jpg',4,NULL),(399,'All the Time in the World','62425','Unbeknownst to the rest of the crew THREE has been trapped in a time loop, reliving the same day over and over. He must convince his crew mates that what\'s happening to him is real and find a way to stop the loop. Meanwhile, a mysterious mercenary infiltrates the Raza and THREE must deal with Sarah\'s new reality.',7.97,'2017-06-24','/ekIugbG2Hm9QlxKmjuzZTDwqFOB.jpg',4,NULL),(400,'Give It Up, Princess','62425','A friend of Adrian\'s is taken captive by one of Tabor\'s rivals, demanding a specific data file in exchange for her release. When the crew discover that the file contains information about the construction of a secret Ferrous battle fleet, they agree to help in exchange for the file. The only problem is Adrian isn\'t exactly sure where Tabor hid the data file.',7.92,'2017-07-01','/uWG6b3pasQ0LJBTA1E0RhgfCe6Z.jpg',4,NULL),(401,'One Last Card to Play','62425','Familiar faces from the past return, causing havoc and forcing the crew to scramble to save their already damaged reputations.',8.00,'2017-07-08','/nis2GhVEfkLeE5qjo0RN8GgntuW.jpg',4,NULL),(402,'Wish I Could Believe You','62425',NULL,0.00,'2017-07-15',NULL,4,NULL),(403,' Hot Chocolate','62425',NULL,9.00,'2017-07-22',NULL,4,NULL),(404,'Isn’t That a Paradox?','62425',NULL,5.00,'2017-07-29',NULL,4,NULL),(405,'Built, Not Born','62425',NULL,0.00,'2017-08-05',NULL,4,NULL),(406,'The Dwarf Star Conspiracy','62425',NULL,9.00,NULL,NULL,4,NULL),(407,'My Final Gift to You','62425',NULL,0.00,NULL,NULL,4,NULL),(408,'Nowhere to Go','62425',NULL,0.00,NULL,NULL,4,NULL),(409,'American Gods','46639','Based on Neil Gaiman\'s eponymous novel, ex-convict Shadow Moon becomes the traveling partner of a mysterious conman named Mr. Wednesday after his release from prison. He soon discovers Mr. Wednesday is more than he seems and becomes embroiled in an epic conflict between Old Gods and New.',8.21,'2017-05-01','/ovnH6mQfVembYErJXYhnh6e0R9C.jpg',2,NULL),(410,'Season 1','46639',NULL,8.17,'2017-05-01','/67exRijfvN5RRmBCqFtk1bhJ7Uh.jpg',3,NULL),(411,'The Bone Orchard','46639','When Shadow Moon is released from prison early after the death of his wife, he meets Mr. Wednesday and is recruited as his bodyguard. Shadow discovers that this may be more than he bargained for.',7.74,'2017-05-01','/uvry4weK00pFLn7fxQ9M4m3Da2A.jpg',4,NULL),(412,'The Secret of Spoons','46639','As Mr. Wednesday begins recruitment for the coming battle, Shadow Moon travels with him to Chicago and agrees to a very high stakes game of checkers with the old Slavic god, Czernobog.',7.75,'2017-05-08','/3lRIm0Ksi8X6vvmSldiiaYEOgne.jpg',4,NULL),(413,'Head Full of Snow','46639','Shadow questions his decision to work for Mr. Wednesday after learning of his plan to rob a bank; Shadow makes a surprising discovery when he returns to his motel room.',7.75,'2017-05-15','/cxF4KvQbed5vnFAVsHFhLdrSzfD.jpg',4,NULL),(414,'Git Gone','46639','The story of Laura\'s life and death is explored, including her first encounter with Shadow and how exactly she came to be sitting on the edge of his motel room bed.',7.85,'2017-05-22','/btCbZe5xGMZcUkWwFmmePyVNFJD.jpg',4,NULL),(415,'Lemon Scented You','46639','Shadow\'s emotional reunion with his dead and unfaithful wife is interrupted when he and Mr. Wednesday are kidnapped by the New Gods.',7.92,'2017-05-29','/h9eN63m309gZGXh2cN3A3LlBKA.jpg',4,NULL),(416,'A Murder of Gods','46639','On the run after the New Gods\' show of force, Shadow and Mr. Wednesday seek safe haven with one of Mr. Wednesday\'s oldest friends, Vulcan, God of the Fire and the Forge.',7.80,'2017-06-05','/bdpghAgeRFg3gJfInc5w4vUzIyx.jpg',4,NULL),(417,'A Prayer for Mad Sweeney','46639','Following her brief reunion with Shadow, Laura turns to an unlikely travel companion to find her way back to life; Mad Sweeney\'s long, winding, and often-tragic past is explored.',7.83,'2017-06-12','/RkfHpT76UsKRUmG0pmssdJdNQQ.jpg',4,NULL),(418,'Come to Jesus','46639','On the eve of war, Mr. Wednesday attempts to recruit the Old God Ostara, but needs Mr. Nancy\'s help in making a good impression and winning her over.',8.17,'2017-06-19','/cIaeavALIUoPhrkLgUSNodTXIKv.jpg',4,NULL),(419,'Silicon Valley','60573','In the high-tech gold rush of modern Silicon Valley, the people most qualified to succeed are the least capable of handling success. A comedy partially inspired by Mike Judge\'s own experiences as a Silicon Valley engineer in the late 1980s.',8.47,'2014-04-06','/dc5r71XI1gD4YwIUoEYCLiVvtss.jpg',2,NULL),(420,'Season 1','60573',NULL,8.38,'2014-04-07','/hRAfu6K3s4CLyQwRIWCnIbMjASn.jpg',3,NULL),(421,'Minimum Viable Product','60573','Attending an elaborate launch party, Richard and his computer programmer friends - Big Head, Dinesh and Gilfoyle - dream of making it big. Instead, they\'re living in the communal Hacker Hostel owned by former programmer Erlich, who gets to claim ten percent of anything they invent there. When it becomes clear that Richard has developed a powerful compression algorithm for his website, Pied Piper, he finds himself courted by Gavin Belson, his egomaniacal corporate boss, who offers a $10 million buyout by his firm, Hooli. But Richard holds back when well-known investor Peter Gregory makes a counteroffer. ',7.67,'2014-04-07','/zXr9tjwoL7L3YYKiXjMutwRS20U.jpg',4,NULL),(422,'The Cap Table','60573','After a celebratory party at the Hacker Hostel, Richard and Erlich learn that Peter Gregory won\'t pay up until they deliver a viable business plan that includes a slimmed-down staff. A desperate Richard hires former Belson underling Jared, and they set about trying to trim the fat. While Gilfoyle and Dinesh prove essential, Big Head\'s place in the company is less certain.',7.67,'2014-04-14','/phIIdNq3Z0nN61pMzCRwl4XULjw.jpg',4,NULL),(423,'Articles of Incorporation','60573','While Gavin Belson begins to hype Nucleus, a competing compression platform, Richard learns that the name Pied Piper is already registered to a sprinkler company, forcing him to negotiate. Meanwhile, Erlich goes on a vision quest for a new company name, and Peter Gregory proves elusive when one of his companies asks for money.',7.78,'2014-04-21','/t1kNkW61GFjGjGMBvRWK8GTwEKw.jpg',4,NULL),(424,'Fiduciary Duties','60573','At Peter\'s toga party, Richard drunkenly promises to make Erlich a board member, which he regrets the next morning. After being unassigned at Hooli, Big Head finds others like him who have made careers out of doing nothing. Richard struggles to put Pied Piper\'s vision into words for a presentation without Erlich; later, he discovers an interesting connection between Peter and Gavin Belson.',7.81,'2014-04-28','/6W2pD1KzIEd6H4fZgem5U739YR0.jpg',4,NULL),(425,'Signaling Risk','60573','Erlich taps a graffiti artist to design Pied Piper\'s logo, with predictably controversial results. Meanwhile, Richard learns he doesn\'t have much time to prepare for a live demonstration at TechCrunch Disrupt; Gavin Belson and Peter Gregory have an unexpected encounter; and Jared works on the company\'s efficiency. ',7.91,'2014-05-05','/4PHnrI1ClfFNYjFkRiyJozssurL.jpg',4,NULL),(426,'Third Party Insourcing','60573','Richard feels threatened when the team hires The Carver a hacker with a notorious reputation, to help with Pied Piper’s cloud. Jared finds himself taken for a ride when he seeks out Peter Gregory’s signature. Erlich and Dinesh compete for the attention of Tara, Gilfoyles visiting girlfriend. Later, Dinesh faces a sexual dilemma.',7.89,'2014-05-12','/n2hm1gEsiDKqRrzgwMxuSJFubT8.jpg',4,NULL),(427,'Proof of Concept','60573','At TechCrunch Disrupt, Richard feels the pressure to finish his demo, but finds himself distracted by a girl he dated briefly, who’s now spreading rumors about him. Jared worries that Monica is taking his place in the company. Dinesh develops a crush on a girl at a neighboring booth. Erlich’s scandalous past connection to one of the judges threatens Pied Piper’s chances.',8.09,'2014-05-19','/A3lTkdmLWOWPM0uLdXMlZ3QMNv2.jpg',4,NULL),(428,'Optimal Tip-to-Tip Efficiency','60573','Poised to compete at TechCrunch Disrupt, the guys of Pied Piper become worried after an impressive presentation by Gavin Belson. As Jared tries to pivot the company, Richard is inspired to make big changes at the last minute. ',8.45,'2014-06-02','/gszwo9o1s0ooJauSIsgMPrg7RbV.jpg',4,NULL),(429,'Season 2','60573',NULL,8.59,'2015-04-13','/bzz8eBRsin3skOjd5fzrOkVYJAv.jpg',3,NULL),(430,'Sand Hill Shuffle','60573','Following their success at TechCrunch Disrupt, the guys of Pied Piper find themselves aggressively courted by every VC in Silicon Valley. With Peter Gregory’s company facing major changes, Monica tries to do what’s best while dealing with new managing partner Laurie, a competitive bigwig who will do anything to hold onto Pied Piper. Later, Richard makes a decision about the company’s future and faces big news from Hooli.',7.72,'2015-04-13','/kudY5SSLMDorfYHS1aS1Qj3Pp4H.jpg',4,NULL),(431,'Runaway Devaluation','60573','In the wake of Hooli’s bombshell, Richard and the guys struggle to find a backer as they face legal and financial woes. Monica attempts to balance her interest in Pied Piper with her job. A cash-strapped Dinesh tries to put an end to the Kickstarter campaign for his cousin’s new app, Bro. Richard gets a surprising offer.',7.63,'2015-04-20','/ur0UstXr684QEByv415kzEuuW42.jpg',4,NULL),(432,'Bad Money','60573','While considering Gavin’s proposal, Richard is approached by Russ Hanneman, an image-conscious billionaire who wants to back Pied Piper, but may not be as “hands-off” as he claims. Gilfoyle and Dinesh play hardball to get what they want; Gavin finds a new strategy in dealing with the enemy.',7.64,'2015-04-27','/fLub6BDHdnvrEIeezHygZEZq4Qu.jpg',4,NULL),(433,'The Lady','60573','Richard butts heads with Erlich over a prospective hire, while Dinesh and Gilfoyle become suspicious that a new employee they recommended is commanding a higher salary. Big Head gets a surprising promotion at Hooli. At a board meeting, Monica and Richard find themselves outvoted; Jared institutes a workplace harassment policy.',7.61,'2015-05-04','/w3UiscCdEGO9gphijXi4qm0XbJA.jpg',4,NULL),(434,'Server Space','60573','Gavin’s interference causes Pied Piper to struggle with securing their expansion, while a nosy neighbor puts the guys at risk. Gilfoyle takes on the task of building servers, and an overstressed Richard reluctantly takes in Jared as a roommate. Big Head’s management skills are questioned, and Nucleus’ debut zeroes in on a big event.',7.70,'2015-05-11','/3aFDxHCFNinkzdCGnHHZBnVZZB0.jpg',4,NULL),(435,'Homicide','60573','When Monica encourages the guys to pounce on a livestream opportunity, Erlich reconnects with his old mentee, Double-A, an energy drink billionaire, but Richard finds out their friendship isn’t quite what Erlich thinks. After learning that the livestream might hit a snag, Gilfoyle and Dinesh brainstorm their options. Jared encourages a friendship between Carla and Monica.',7.83,'2015-05-18','/cxkCLVq93TTAfeTMYlEe0SmSPEZ.jpg',4,NULL),(436,'Adult Content','60573','With the Pied Piper team fielding job offers and Russ distracted by financial news, Richard faces the prospect of either merging with a nemesis or folding. Gavin attempts to turn Nucleus’ failure into a success. Dinesh tries his hand at wooing a woman online. After Gilfoyle suggests a risky move, Richard reaches out to an unconventional client.',7.93,'2015-05-25','/ew3FPoR5TfuMeViHbTnHgaI45zB.jpg',4,NULL),(437,'White Hat/Black Hat','60573','When Richard takes pity on a competitor, he accidentally sparks a feud that finds him paranoid about security. Jared exaggerates Pied Piper’s size to get results. Facing pressure from board members, Gavin looks to place responsibility elsewhere.',7.77,'2015-06-01','/9rE1PsUJ32D6iBQea6ScqzKK9ll.jpg',4,NULL),(438,'Binding Arbitration','60573','When Pied Piper and Hooli enter binding arbitration, Erlich demands to be put on the stand. Big Head finds himself propped up. Richard worries Hooli’s claim could have legs.',7.97,'2015-06-08','/eVzx30G4TvkV6AMhsyAalSU2kuG.jpg',4,NULL),(439,'Two Days of the Condor','60573','As the guys await the verdict on Pied Piper’s fate, an unexpected real-life drama draws a spike in traffic to their livestream and leaves them fighting to hold things together – literally. While Erlich considers his future, Richard scrambles to save Pied Piper’s.',8.27,'2015-06-15','/htnawGNust6Z0s492Y1FhQr9XIS.jpg',4,NULL),(440,'Season 3','60573','With Richard unexpectedly ousted as CEO, Season 3 picks up with him offered a diminished role of CTO and the rest of his team facing the question of just how far their loyalty extends. Now under a new CEO who is hell-bent on transforming everything from Pied Piper\'s offices to its business agenda, the guys must find a way to triumph in the war of Art vs. Commerce. Meanwhile, as Gavin Belson works to rehabilitate Hooli\'s image following his blunders, Big Head finds himself in a new partnership.',8.52,'2016-04-25','/m9B0FRaPf2AxsxWV3fYwZpIF5Be.jpg',3,NULL),(441,'Founder Friendly','60573','After being unceremoniously fired, an angry Richard faces a tough decision: accept the diminished role of CTO, or leave Pied Piper for good. Erlich takes a shine to Jack Barker, Laurie’s new choice of CEO, while Dinesh and Gilfoyle weigh their options in Richard’s absence. At Hooli, Gavin tries to improve his image by admitting failure, and Big Head gets wind of major changes.',7.82,'2016-04-25','/aTnRUqJ3gyeIKwHezaW9oB2X1YQ.jpg',4,NULL),(442,'Two in the Box','60573','The new and improved Pied Piper impresses Dinesh and Gilfoyle, but worries Richard; Jared and Erlich both face housing issues; Gavin suggests a controversial move.',7.77,'2016-05-02','/A3H1QgiPco47iHgv4DF7piMpXUY.jpg',4,NULL),(443,'Meinertzhagen\'s Haversack','60573','Richard searches for a way around Jack. Gilfoyle opens himself up to recruiters. Dinesh draws unwanted attention from a recent purchase. ',7.88,'2016-05-09','/p6dSX0xbk6Mmz4WsoblTPUXjpZJ.jpg',4,NULL),(444,'Maleant Data Systems Solutions','60573','The Pied Piper guys struggle to phone it in. Erlich faces competition. Monica takes a stand. Gavin makes a decision about Nucleus.',8.02,'2016-05-16','/9fGLYI4OvcBUbrXiXh4gSTaL8O6.jpg',4,NULL),(445,'The Empty Chair','60573','Richard lets his ego get in the way at an interview. Dinesh, Gilfoyle and Jared misplace hardware. Erlich pitches his plans to Big Head.',7.82,'2016-05-23','/gVVli47E3zUtZVrHuxq9GAloi0M.jpg',4,NULL),(446,'Bachmanity Insanity','60573','Richard’s new relationship is threatened by neuroses. Big Head and Erlich’s launch party has snags. Dinesh falls for a foreign coworker. ',7.78,'2016-05-30','/bpWIRPbEdNj09q4ZD1RoQA3NKsx.jpg',4,NULL),(447,'To Build a Better Beta','60573','A beta version of Pied Piper gets an unexpected reception as Dinesh\'s lack of friends worries him, but Gilfoyle thinks he\'s stretching the truth. Amanda isn\'t sure she can dole out criticism. A strapped Erlich mulls a big decision. The Nucleus team tackles a difficult challenge from Gavin.',7.97,'2016-06-06','/q7FU9moLnmTlgsiMQ5rkM5efXQW.jpg',4,NULL),(448,'Bachman\'s Earning\'s Over-Ride','60573','Erlich tries to be honest with Richard, who has mixed emotions about their friendship and the future of Pied Piper. Jared\'s new company apparel turns heads but fuels yet another clash between Dinesh and Gilfoyle.',7.94,'2016-06-13','/b9USgA2Nh9QMoCCpFQ6QdlJXyoW.jpg',4,NULL),(449,'Daily Active Users','60573','Shocking stats are revealed and prompt Richard to bridge the gap between Pied Piper and its users, but Jared must go to extremes to keep everything intact. Gavin tries to recapture his former glory by bringing in new talent after discovering secrets about the competition.',7.84,'2016-06-20','/2r4tqHf2jxciVBduvj3eZANamMJ.jpg',4,NULL),(450,'The Uptick','60573','Pied Piper’s future is hazy, but Erlich’s industry profile begins to rise, creating a moral dilemma for Richard as Dinesh’s new app starts to catch on. Meanwhile, Laurie makes plans for her exit; and Gavin’s pompous personality haunts his comeback at Hooli.',8.07,'2016-06-27','/2b8Xs9Fqt6H608pWLaBoBlrEqSk.jpg',4,NULL),(451,'Season 4','60573','Richard and the socially awkward Pied Piper team continue to claw their way towards tech fame and fortune in Season 4.',8.23,'2017-04-24','/lsYfCqNCWWTc7zsqO5MYcptJI0n.jpg',3,NULL),(452,'Success Failure','60573','The guys struggle to find funding for Pied Piper\'s video chat app to keep up with their rapidly growing user base. Erlich faces resistance from Big Head\'s father. Jack steps on Gavin\'s toes at Hooli. Richard gets sage advice.\n',7.95,'2017-04-24','/vnV8nRsMvWDbWot4m4XKTEQKZXu.jpg',4,NULL),(453,'Terms of Service','60573','Richard butts heads with Dinesh, whose new position goes to his head. Later, Richard discovers interesting data about PiperChat\'s users. Erlich makes a play to be involved in Jian-Yang\'s new app; Jared sets ground rules in his friendship with Richard; Gavin\'s paranoia over Jack\'s enthusiasm causes him to make a rash decision.\n',8.07,'2017-05-01','/fxNqng24prlsIw6SgBWU7XxCcxn.jpg',4,NULL),(454,'Intellectual Property','60573','Dinesh gets back to the ground while Richard continues to explore his new project. Gavin tries to come out of the new problem he has gotten himself into and interestingly the chemistry between Richard and Monica takes a new turn.\n',7.92,'2017-05-08','/iIznsbDIUTXozlQDmJkhcVI9RLB.jpg',4,NULL),(455,'Teambuilding Exercise','60573','Sea food demo is being prepared. Big head professorship is proving beneficial to his students. And finally we get a glimpse of the insides of Gavin Belson mansion.\n',7.93,'2017-05-15','/ixnSijOwzaGojKkKHoGNcG1vDBN.jpg',4,NULL),(456,'The Blood Boy','60573','Richard tries to convince his new business partner Gavin about his strategy for the new internet, but finds himself blocked by meddling from an annoying associate of Gavin\'s. Erlich connives his way into Laurie\'s baby shower and tips her off to a hidden agenda. Dinesh struggles to free himself of Mia.\n',7.95,'2017-05-22','/fobLepYRsj4lZRbVu5llTtiH219.jpg',4,NULL),(457,'Customer Service','60573','The guys struggle for funding to launch the latest iteration of Pied Piper. Erlich seeks to join the new VC firm formed by Laurie and Monica. Dinesh and Gilfoyle clash over the alpha build.\n',7.85,'2017-05-29','/zmAq6z6S07Ck6PWYnqOL8yhWcCI.jpg',4,NULL),(458,'The Patent Troll','60573','When Richard decides to stand up to a patent troll, his defiance ends up coming back to haunt him. Gilfoyle goes to desperate measures to battle Jian-Yang\'s new smart refrigerator. Jared embraces multiple identities in in his quest to reduce costs. Erlich tries to hang with the alpha males.\n',7.86,'2017-06-05','/eU979h2f56ALEXkkwbyvJbsLc3k.jpg',4,NULL),(459,'The Keenan Vortex','60573','An unexpected increase in data traffic leads Richard to turn the Ehrlich for help in garnering a deal with Keenan Feldspar, Silicon Valley\'s latest \'it\' boy, but when he makes a too-good-to-resist offer, Richard must weigh Pied Piper\'s future against a potential mutiny. Jack faces setbacks while preparing for Hooli-Con.\n',7.94,'2017-06-12','/6nTiPx7mQ3nWGzvnmKXUPsasip2.jpg',4,NULL),(460,'Hooli-Con','60573','Erlich goes on a trip to get his mojo back while the guys head to Hooli-Con, where Jared faces a moral dilemma; Gilfoyle and Dinesh are distracted by Keenan; and Richard becomes obsessed with an ex\'s new beau.',7.98,'2017-06-19','/nwYmGaHCZt3gR8Knqq4ybOuqhod.jpg',4,NULL),(461,'Server Error','60573','Richard finds himself in a web of lies; Jared plans his exit; Jack bets big; Gavin plots a comeback.',8.06,'2017-06-26','/su047brLng4dut8OJzJ3stm4MaT.jpg',4,NULL),(462,'Orphan Black','56296','A streetwise hustler is pulled into a compelling conspiracy after witnessing the suicide of a girl who looks just like her.',8.54,'2013-03-30','/yET48smELUDAszOhHbL9A8RF3N8.jpg',2,NULL),(463,'Season 1','56296',NULL,8.84,'2013-03-31','/jUh8JR2jvm4mFSvF6boaffxtUN4.jpg',3,NULL),(464,'Natural Selection','56296','Sarah, a streetwise hustler on the run from a lifetime of bad decisions, witnesses the suicide of a stranger who looks just like her. Sarah assumes her identity, hoping that cleaning out the dead woman’s bank account will solve all of her problems. Instead, the street smart chameleon is thrust headlong into a kaleidoscopic mystery. After taking on the new identity, Sarah quickly finds herself caught in the middle of a deadly conspiracy and must race to find answers.',7.96,'2013-03-31','/qqQRdCNG3wGYIACkvm1zrjsjU27.jpg',4,NULL),(465,'Instinct','56296','With a body in her car and nowhere to turn, Sarah is forced to continue her con and earn “Beth” a second chance on the force. But with a killer on her tail, her only hope of finding answers lies with another apparent ‘identical,’ Alison.',8.01,'2013-04-07','/iSmtsq610j7dwYxLtKaxfoplM3z.jpg',4,NULL),(466,'Variation Under Nature','56296','Rocked by the revelation that she and her fellow \"Orphans\" are clones, Sarah just wants to get her hands on the money and skip town. But Sarah’s fake detective ruse stretches thin when the cops find the body she buried and assign “Beth” to the case. As Sarah closes in on the killer, the hunter becomes the hunted.',8.03,'2013-04-14','/ps3taitT6QJD9NW1VqgdBETHNpO.jpg',4,NULL),(467,'Effects of External Conditions','56296','Sarah realizes that the Orphans’ survival is going to take more than police work. But tracking the killer threatens Sarah’s long awaited reunion with her daughter, Kira. As Sarah gets closer to the killer, the killer gets closer to the truth – the ensuing showdown threatens to expose her ruse as a cop.',8.05,'2013-04-21','/aOGvlzLt7qs3HrUFdthtDEPMvZ9.jpg',4,NULL),(468,'Conditions of Existence','56296','When terrifying evidence suggests the Orphans are part of a sinister ongoing experiment, Sarah’s suspicions turn to Paul, Beth’s boyfriend. But her probing inadvertently triggers Paul’s own investigation, bringing him dangerously close to the truth. Meanwhile, paranoid Alison piles on a whole new level of complication.',8.21,'2013-04-28','/fIMvDLk4gbZnxFEoT8KkknLCaFp.jpg',4,NULL),(469,'Variations Under Domestication','56296','Sarah’s hunt for answers is interrupted by a trip to the suburbs. Alison’s paranoia has boiled over, putting all the Orphans at risk. But when Sarah, Alison and Beth’s worlds dangerously collide, Sarah must decide who to trust with her secret.',8.20,'2013-05-05','/9zLRdKPArNQAhvpO4RHfZpcZSLY.jpg',4,NULL),(470,'Parts Developed in an Unusual Manner','56296','With Paul missing, Sarah is forced to confront the conspiracy head on. But when Paul learns Sarah has kept essential information from him, the fragile trust between them threatens to shatter. Meanwhile, Cosima grows closer to Delphine and the dangerously fascinating Dr. Leekie.',8.19,'2013-05-12','/lNFPFxjIxou7LYBEAjmTshyouxG.jpg',4,NULL),(471,'Entangled Bank','56296','Sarah\'s actions pit the Orphans against each other as she tries to plan her next move. As Paul tries desperately to cover up Sarah’s existence, Alison takes vengeance on her suspected monitor, which could cost her everything she holds dear.',8.30,'2013-05-19','/et8KVX0rT7I2iBiCGt4shcF2qs4.jpg',4,NULL),(472,'Unconscious Selection','56296','After Kira’s life is threatened, Sarah is on the warpath, but Dr. Leekie makes her think twice about her plans for revenge. Meanwhile, Cosima faces the truth about Delphine, forcing her to choose sides. Now, it’s up to Sarah to decide the killer’s fate, but the truth about where Sarah came from changes everything.',8.37,'2013-05-26','/akweKZlaOMRwlSxR9CJmxJEkS4m.jpg',4,NULL),(473,'Endless Forms Most Beautiful','56296','Sarah’s last chance to bring her nemesis back to sanity slips away as Art intervenes to get answers of his own. Meanwhile, the Orphans must decide whether to make peace with their creators, as Sarah is forced into a deadly confrontation with their enemy.',8.62,'2013-06-02','/1ffb6UusaLfdhG6m0VubeIehin3.jpg',4,NULL),(474,'Season 2','56296',NULL,8.52,'2014-04-20','/vdDHuoApZuRJG3J4LWPI5EHsn7W.jpg',3,NULL),(475,'Nature Under Constraint and Vexed','56296','Sarah is out of options, on the run, and pursued by deadly adversaries. Desperate to find her daughter Kira, Sarah suspects ruthless pro-clone Rachel is behind her daughter’s disappearance and sparks an all out war against her.',8.14,'2014-04-20','/dfd0sgovrGnXVFHaaeFfVpbx76H.jpg',4,NULL),(476,'Governed By Sound Reason and True Religion','56296','While Alison struggles with Aynsley\'s death and Cosima grapples with the worsening symptoms of her mysterious sickness, Sarah enlists Art’s help to find Kira and is shocked when she learns where the trail leads.',8.01,'2014-04-27','/nygDnYHLX4o3o11S7hZTpTND9sU.jpg',4,NULL),(477,'Mingling Its Own Nature with It','56296','After hitting the road with Felix, Sarah is forced to turn to a ghost from her past — an old flame named Cal Morison. When their brief respite is brutally shattered, Sarah realizes that no matter how far she runs, it will never be far enough.',7.99,'2014-05-04','/h7haR9my4M8uRgFlwxQ1LoHkQBo.jpg',4,NULL),(478,'Governed As It Were By Chance','56296','Sarah comes home looking for answers, and with the help of Cosima, they begin digging into the origins of the clone experiment. The hunt for answers takes her right into the belly of the beast, but getting out could cost her more than she knows.',8.16,'2014-05-11','/bt0GcvvoTGGa8pDNKCreX74usBI.jpg',4,NULL),(479,'Ipsa Scientia Potestas Est','56296','Rachel goes on the warpath, lashing out at Sarah’s nearest and dearest. While she tries to keep her loved ones safe, an unexpected visitor threatens to derail Sarah’s plans.',8.05,'2014-05-18','/oVTbOWc9TP1NKMbSJh24aBE40Hs.jpg',4,NULL),(480,'To Hound Nature in Her Wanderings','56296','Sarah joins forces with an unlikely and untrustworthy ally, following a trail of clues that she hopes will lead her to the origins of the clone experiment. Cosima and Delphine make a discovery that could prove to be the key to treating her illness. Alison finds herself in unsavory company at rehab.',8.05,'2014-05-25','/v0iLczarq36PzfTAKvMVwUdtbkE.jpg',4,NULL),(481,'Knowledge of Causes, and Secret Motion of Things','56296','When a rehab confidante betrays Alison and threatens to expose the truth about Aynsley’s death, she goes into free fall on the eve of Family Day. With Donnie and the kids set to visit, it’s all clones on deck to contain the fallout.',8.19,'2014-06-01','/9Q3v8YZp32gTN2ISueWzaE1QsPa.jpg',4,NULL),(482,'Variable and Full of Perturbation','56296','A new player in the clone conspiracy turns up at Felix’s door, sending him into crisis mode. With Cosima running out of options, Sarah struggles with the decision to surrender a crucial piece of leverage and make a deal with Dyad.',8.01,'2014-06-08','/tLUsH9vCPjwlSLZAphr3Q6oKKU0.jpg',4,NULL),(483,'Things Which Have Never Yet Been Done','56296','Cosima takes a turn for the worse, forcing Sarah to take desperate action which results in tragic consequences for those she loves. The Proletheans set their ultimate plan in motion, while Alison and Donnie tangle with the law.',8.22,'2014-06-15','/9wWZvOzUhcO8pW6rS76QEjr9fgt.jpg',4,NULL),(484,'By Means Which Have Never Yet Been Tried','56296','The war with Dyad is all but lost when Rachel’s latest ploy forces a broken Sarah to concede. The Clone Club springs into action, uniting in a reckless gambit to save Sarah. As they fight to gain their freedom, Sarah encounters a new ally and uncovers a terrifying new dimension to the conspiracy.',8.46,'2014-06-22','/a7abpHjrOuOAaYP1Leb7LtbVutk.jpg',4,NULL),(485,'Season 3','56296',NULL,8.38,'2015-04-19','/vhG5V9GBLoOxSwNdvvln8ru9hHd.jpg',3,NULL),(486,'The Weight of This Combination','56296','Sarah pursues the missing Helena who is held in a faraway compound. Sarah must use her wiles – and acting chops – to deter a Topside investigator who threatens the Leda sisters’ lives. Meanwhile, Cosima appears to be rebounding from her illness, while Alison and Donnie face newfound financial woes. But when the menace of Castor rears its head once more, Sarah and her entire family must come together to survive.',7.79,'2015-04-19','/xQLJo5J2tx348SLHX2iFJSTKLSD.jpg',4,NULL),(487,'Transitory Sacrifices of Crisis','56296','Castor pursues the Leda clones for original tissue samples. Helena, who is pregnant and imprisoned, is examined by a mysterious new villain. The Castor boys are also out to play, toying with a frightened young woman, Patty, in a sexy switcheroo that ultimately sets Sarah – and Art – hot on the Castor trail. But it’s not all fun and games for the Castor boys, as Sarah gleans they may have a mysterious defect that puts their lives in peril.',7.67,'2015-04-26','/dXppe0PjUEMmTymratnvVYZuxea.jpg',4,NULL),(488,'Formalized, Complex, and Costly','56296','Leda and Castor are both on the hunt for original clone DNA. On-the-lam, Mark and Gracie pursue new leads to find the samples that might set them free, while Art and Sarah reunite to track them down. Meanwhile, Cosima and Scott try to learn more about Castor’s biology and Alison’s new money-making venture is going gangbusters. A shocking revelation about the Castor-Leda connection leaves the sisters reeling, just before Sarah witnesses a deadly Prolethean-Castor face-off.',7.77,'2015-05-03','/y8q1HRMDIgn7p0BrVqdnFdGpCJp.jpg',4,NULL),(489,'Newer Elements of Our Defense','56296','Mark is taken down in a Prolethean shoot-out and Sarah must step in to help. But as Sarah gathers intel that puts her on the trail of the original Castor DNA, a familiar foe is not far behind. While Helena continues to toil in a faraway military compound, it is ultimately Sarah’s fate that will hang in the balance as she tries to save her sister. Meanwhile, Gracie is cast out from the Prolethean fold, and Alison and Donnie come face-to-face with unhappy drug lord, Jason Kellerman.',7.79,'2015-05-10','/g2gRrXfn1cHozs5z2r057SkUbww.jpg',4,NULL),(490,'Scarred by Many Past Frustrations','56296','Helena and Sarah are reunited at the Castor camp. As Sarah suffers testing, Paul appears to chide her; but his allegiances are beginning to strain. While the Leda family worries about Sarah’s absence, Gracie ‘breaks loose’ under the care of Mrs. S and an unwilling Felix. Cosima falls hard for an internet date, Shay.',7.78,'2015-05-17','/5utMPBjiCDA3JUUI8PcmUjabkmh.jpg',4,NULL),(491,'Certain Agony of the Battlefield','56296','Paul digs and finds the ugly truth behind the Castor Boys’ logbooks of names, pushing him into action. Meanwhile, Felix is desperate for info on Sarah’s whereabouts, and presses the still-ailing Rachel for any shred of a lead. In order for Donnie and Alison to take their money-making endeavor to the “next level” she must introduce Jason Kellerman to her unique business plan.',8.14,'2015-05-24','/nxfv3ovOaAZeZy0bpj8VkOTStHe.jpg',4,NULL),(492,'Community of Dreadful Fear and Hate','56296','Alison must secure a store front in order to take her and Donnie’s business to the “next level”. But things don’t go according to plan when her mother, Connie, proves to be a major hindrance. Cosima is facing familiar health issues and calls upon beleaguered Alison for a favor. But with Alison working to save an imperiled Donnie from the merciless hands of a drug lord, it’s Cosima who ends up doing a favor. An unassuming Scott gets closer to the greatest discovery of all, when he sits down with beleaguered clone Rachel.',7.95,'2015-05-31','/4CgSVGOKhrWZoxE8PO6oIhsmCm7.jpg',4,NULL),(493,'Ruthless in Purpose, and Insidious in Method','56296','When Rachel makes a promise to Sarah, it comes with a hefty price. Meanwhile, Helena and Gracie work with the Hendrixes, and Donnie takes Kellerman to task. Over at Castor, Coady and Benchman scheme to track down the Castor Original, and Rudy descends on DYAD for a much needed asset.',8.02,'2015-06-07','/uAbjyb2XIjgkEniDREY8FCRcFiZ.jpg',4,NULL),(494,'Insolvent Phantom of Tomorrow','56296','Sarah, Felix and Mrs. S take a trip with the hopes of tracking down the Castor Original. But they are not alone. Back home, Donnie tries to save the family business when Pouchy defects, but it is Helena who manages to secure a “full refund.” Meanwhile, Cosima becomes suspicious of Shay, and Delphine takes the matter into her own hands. But nothing will ever be the same again when Leda finally finds what they’ve been looking for.',8.10,'2015-06-14','/tJUpyt96IqxPqt9htnCICxtqmNz.jpg',4,NULL),(495,'History Yet to Be Written','56296','As Clone Club races towards the truth, Castor and Topside force Sarah to make uneasy alliances. But there is some rest for the wicked, when Donnie gives Helena an unexpected ‘gift’, and the results of Alison’s candidacy finally come in. Even as team Leda takes a moment to breathe, change is afoot and a life hangs in the balance.',8.31,'2015-06-21','/GZ1QrOOoJTi32u9z0y9517IGhz.jpg',4,NULL),(496,'Season 4','56296',NULL,8.58,'2016-04-15','/iVbdswDOYNXUCn7ywDuZByg1Wd2.jpg',3,NULL),(497,'The Collapse of Nature','56296','A flashback to Beth Childs\' final investigation, days before her suicide.',7.94,'2016-04-15','/a2UexobEKDFAp70oeKReTbupsjt.jpg',4,NULL),(498,'Transgressive Border Crossing','56296','After evading a Neolution attack in Iceland, Sarah returns home to track down an elusive new ally. As Cosima struggles with Delphine’s disappearance, Alison and Donnie host a pregnant and ever-hungry Helena. Meanwhile Felix, feeling like an outsider, embarks on his own journey of self-discovery.',7.99,'2016-04-22','/7K5uMbCyJDVjUaJiWB5EMMnW5BH.jpg',4,NULL),(499,'The Stigmata of Progress','56296','As Sarah reels from the shocking discovery of Neolution’s biotech, she’s desperate to find answers. Rachel receives a visit from her keeper and takes a fraught step forward towards recovery. Meanwhile, Helena is mistaken for “Mrs. Hendrix” when she answers a visit from suspicious visitors.',7.87,'2016-04-29','/mfwHFxg1OTIi7HVSkUzSQ6AYoYj.jpg',4,NULL),(500,'From Instinct to Rational Control','56296','Sarah forms an alliance with a former enemy in hopes of getting to the head of Neolution.  Elsewhere, Allison orders Felix and Donnie to invade a Neolution fertility clinic and a Susan Duncan leaves Rachel to make a devastating decision.',7.84,'2016-05-06','/sugDVrxt3iuySnKA5HHJUHxfwgc.jpg',4,NULL),(501,'Human Raw Material','56296','Sarah’s day off to reconnect with Kira quickly turns into a sleuthing mission aimed squarely at discrediting Felix’s new ties. Cosima steps up with Donnie to further investigate the Neolutionist fertility research center. While Donnie bumps into an all too familiar face, Cosima makes a shocking discovery that leads her into a dangerous encounter.',7.94,'2016-05-13','/7601Gx7CzbMiAnIhX3fK7eZskpI.jpg',4,NULL),(502,'The Scandal of Altruism','56296','When Cosima admits doubts about finding a cure in time to save her life, Sarah makes a lone decision that exposes Kendall to those she’s spent years hiding from. Meanwhile, Art and Felix team up to protect naïve clone, Krystal Godderitch, from herself.',8.31,'2016-05-20','/l3ZjzTCr7wQ94jE1k4wyxEF0M1F.jpg',4,NULL),(503,'The Antisocialism of Sex','56296','Sarah regresses to old habits while struggling to cope with the consequences of her decisions —reconnecting with Beth on a dark night of the soul. Back at the lab, Cosima, haunted by vicious memories and news of Delphine, attempts a dangerous Hail Mary to find a cure. At the Hendrixes, Alison is more determined than ever to create normalcy for her kids. As she forges ahead with a birthday party, Donnie is caught in the Neolution crosshairs.',7.84,'2016-05-27','/xzuQlBmSKjV4HoWhQ8sdbGnhi83.jpg',4,NULL),(504,'The Redesign of Natural Objects','56296','As Alison is terrified by Neolution threats made against Donnie, Sarah and Mrs. S question her loyalty to her sisters. While Sarah is distracted, Siobhan sneaks out to seek vengeance. Meanwhile, Cosima and Susan Duncan work together in a final attempt to discover a cure.',7.97,'2016-06-03','/ti9N3pdtMCzx8LolSZQXItxAYyR.jpg',4,NULL),(505,'The Mitigation of Competition','56296','With Susan Duncan deposed, Sarah finds herself in the same position as Rachel — under the heel of a new HBIC — causing the archenemies to come together for the greater good. Cosima and Susan butt heads on the ethical implications of human experiments. Meanwhile, when the Hendrixes\' legal counsel, Adele, further investigates Donnie’s case, she begins to suspect Felix is keeping deep secrets. Helena’s arrival forces Felix to make a difficult decision.',8.12,'2016-06-10','/iK75T2MA8w4mXZsxt9WpJtlTFeI.jpg',4,NULL),(506,'From Dancing Mice to Psychopaths','56296','In the season finale, when communication with Cosima is cut off and Neolution appears to be within striking distance, Sarah’s alliance with Rachel goes out the window. Sarah lures a high-level Neolutionist into a trap, and sets out to bring down Neolution once and for all.',8.17,'2016-06-17','/bLzAJggPLEcI3RzImUgLhFgOFZv.jpg',4,NULL),(507,'Season 5','56296',NULL,7.81,'2017-06-11','/rbcGVHalO4BSwAAZDifzF78ojtT.jpg',3,NULL),(508,'The Few Who Dare','56296','As the fifth and final season opens, Sarah is deeply wounded and struggling to stay alive on the Island. Driven deep into its forest by Neolutionists and worse, she strives to make it far enough to rescue Cosima. Meanwhile, a recovering Cosima reunites with Delphine, but there’s way more going on this Island than Cosima imagined and Delphine can’t give her all the answers she needs. What is clear is that Rachel is now firmly in charge at the right-hand of the 170-year-old founder of Neolution, PT Westmorland. Back home, Neolution puts the screws to Alison and Donnie in their hunt for Helena. The sestras couldn’t be further apart when they need most to be together.',7.87,'2017-06-11','/vHwO0KN7q0ZO1pAezT4tFSRYcKJ.jpg',4,NULL),(509,'Clutch of Greed','56296','Captured by Neolution Sarah receives a damning ultimatum from Rachel: come into the fold, or lose your family. Her decision causes a clash with Kira who begins exploring her own maturity. Meanwhile, Ferdinand struggles to get a handle on Rachel’s new velvet glove mandate in pursuit of the clones. With Neolutionists and Ferdinand watching their every move, Felix brings an old ally into the mix to help his family get Kira to safety. On the Island, Cosima struggles to comprehend the reality of the Neolution myth made real.',7.93,'2017-06-18','/uq5YRV5SS5LBphPXwULA51xaxej.jpg',4,NULL),(510,'Beneath Her Heart','56296','Stuck on the sidelines with Neolutionists crawling all over her home, Alison seeks to return to her community center, but Bailey Downs has moved on from her. As she flounders to take back some semblance of control, the ghost of friendships’ past rears its handsome head. Art and his new partner show up at the Hendrix residence to continue their search for Helena, forcing Art to make a difficult moral judgement.',7.86,'2017-06-25','/zSsQ0ItTTxaT0uBFd4vX4kHd2lJ.jpg',4,NULL),(511,'Let the Children & the Childbearers Toil','56296','Following up on intel from a mysterious source, Mrs. S heads on the road with Sarah to investigate a lead on a Neolution defector. Meanwhile, an unexpected reunion takes place on the island, while Cosima\'s research leads her to a terrible discovery.',7.71,'2017-07-02','/xPwMtlfoslHohZtsGvTf4lvl2Fx.jpg',4,NULL),(512,'Ease for Idle Millionaires','56296','While Sarah and Kira spend some well-needed bonding time at home, secrets are unlocked about Kira\'s special gifts that are surprisingly linked to the island\'s creature. Meanwhile, Cosima joins Delphine at the mansion for a twisted family dinner.',5.60,'2017-07-09','/v10zeOxPpWvcNUebtrEIFRvo2UR.jpg',4,NULL),(513,'Manacled Slim Wrists','56296',NULL,8.33,'2017-07-16','/6MOKGTRb2AsvqaJ73lgkAoofuyC.jpg',4,NULL),(514,'Gag or Throttle','56296',NULL,7.33,'2017-07-23',NULL,4,NULL),(515,'Guillotines Decide','56296',NULL,8.50,'2017-07-30',NULL,4,NULL),(516,'One Fettered Slave','56296',NULL,6.00,'2017-08-06',NULL,4,NULL),(517,'To Right the Wrongs of Many','56296',NULL,8.60,'2017-08-13',NULL,4,NULL),(518,'Prison Break','2288','When his brother is wrongly convicted of murder, a structural engineer resolves to bust his sibling out of the notorious Fox River State Penitentiary.',8.30,'2005-08-30','/5E1BhkCgjLBlqx557Z5yzcN0i88.jpg',2,NULL),(519,'Season 1','2288','Lincoln Burrows is currently on death row and scheduled to die in a few months for an assassination his younger brother Michael is convinced he did not commit. With no other options and time winding down, Michael takes drastic measures to get himself incarcerated alongside his brother in Fox River State Penitentiary. Once he\'s inside, Michael, a structural engineer with the blueprints for the prison, begins to execute an elaborate plan to break Lincoln out and prove him innocent.',9.09,'2005-08-30','/jnMW2qcOjgwsjHx6QkOIeXShsLi.jpg',3,NULL),(520,'Pilot','2288','Michael Scofield, a structural engineer, attempts to rob a bank in order to get incarcerated at Fox River State Penitentiary, where his brother Lincoln Burrows, accused of murdering the Vice President\'s brother, is scheduled to be executed.\n\nAt Fox River, Michael approaches a number of inmates, all of whom play an important role in his plan to free his brother from the inside.\n\nMeanwhile, agents Kellerman and Hale are determined to make sure the execution goes through as planned.\n\nLincoln\'s son LJ gets into trouble.\n',8.03,'2005-08-30','/zpKU5P9a39o3Em781Qg3MDf7Znl.jpg',4,NULL),(521,'Allen','2288','Michael seeks help of his fellow prison inhabitants to execute his escape plans.',7.93,'2005-08-30','/kxeKCQk1XswDdgzNmH5gabjZ1s9.jpg',4,NULL),(522,'Cell Test','2288','When Michael reveals his escape plan to Sucre, Sucre chooses to be no part of it, and requests a cell transfer. Michael gets a new cellmate called Haywire.',7.88,'2005-09-06','/iCVPrXVdyHmnDQ2waTW9Mxbd3IB.jpg',4,NULL),(523,'Cute Poison','2288','Veronica keeps uncovering new information regarding Lincoln\'s case and decides she wants to work on the case full-time.  When no one wants to help her on the case, Nick Savrinn (an attorney) offers his assistance and the two of them visit Lincoln.',7.95,'2005-09-13','/pD2RaYlzipbwkPUSI9gpXvLc5bf.jpg',4,NULL),(524,'English, Fitz or Percy','2288','Kellerman and Hale blackmail Warden Pope. Michael finds out he might get out earlier than anticipated. Veronica becomes uncertain of her allies.',8.06,'2005-09-20','/rbYydzOeAoUOlvnKLu0K6k0shEA.jpg',4,NULL),(525,'Riots, Drills and the Devil (1)','2288','Michael creates a lockdown by sabotaging the air conditioning in order to execute his breakout plan properly, and unintentionally causes a riot that gets Sara into huge trouble. Meanwhile, an ex-con is blackmailed into seeing to that Lincoln is killed.',8.21,'2005-09-27','/pGzruOTiqZORNRITNYv8k70kLUc.jpg',4,NULL),(526,'Riots, Drills and the Devil (2)','2288','While the riot intensifies, Abruzzi and Sucre join forces. Michael must decide whether or not to save the life of Dr. Tancredi.',8.19,'2005-10-04','/xVS1lyQxjA6mX13Svox9DqiZ9IQ.jpg',4,NULL),(527,'The Old Head','2288','Michael finds out a storeroom fundamental to his escape plans has been converted into a break room. Veronica and Nick are being threatened.',8.00,'2005-10-25','/4x24pmXESRNwOAZncLACMDSomif.jpg',4,NULL),(528,'Tweener','2288','Abruzzi\'s demotion in the prison hierachy puts the entire escape plan at risk. Michael finds himself in the uneviable position of trying to protect T-Bag\'s new \"fish\" and facing the threat of T-Bag exposing the plan to the guards. The inmates dig themselves into a hole.',7.98,'2005-11-01','/7vpnH7tgU2WHzQhndQYsHsGteCT.jpg',4,NULL),(529,'Sleight of Hand','2288','Michael is forced to give up Fibonacci\'s location to Philly Falzone, and Kellerman and Hale get a little unwanted help to track down LJ who has gone missing. Veronica and Nick uncover evidence against the man Lincoln was convicted of murdering.',7.95,'2005-11-08','/pRlq5GsuxleOjrXvJBm9f0MtEk9.jpg',4,NULL),(530,'And Then There Were 7','2288','The escapees and Dr. Tancredi are shocked when they learn the identity of Michael\'s visitor, who brings with her a very important piece of the escape plan.',7.93,'2005-11-15','/65VVzgzKp3mae47naxz6bm2BKJR.jpg',4,NULL),(531,'Odd Man Out','2288','Michael sees proof his plan is working, so he begins to overcome the last obstacle. As the escape draws near, the group tries to reduce its number by one and targets T-Bag.',7.99,'2005-11-22','/qdX6zISWKIsPAFlnlDXxPQlX6pM.jpg',4,NULL),(532,'End of the Tunnel','2288','With Lincoln\'s execution scheduled for the following day, Veronica comes out of hiding to contact him and gains an ally. Kellerman makes the ultimate sacrifice to preserve the conspiracy. Michael looks for a way to get Lincoln out of solitary confinement in time for the escape that evening. The inmates risk everything as they attempt their escape.',8.07,'2005-11-29','/48vbvN01viDOETu5gQRCzKiIjbh.jpg',4,NULL),(533,'The Rat','2288','Veronica and Nick request a judge to postpone Lincoln\'s execution. A C.O. becomes suspicious about a broken door.',8.10,'2006-03-21','/bzxfRRDNaJFcyRtQEwhx59low2O.jpg',4,NULL),(534,'By the Skin and the Teeth','2288','As Lincoln is about to be executed, he briefly sees his father in the viewing room. A phone call from judge Kessler delays the execution. After reviewing the newly surfaced evidence, the judge orders the exhumation of Steadman\'s body.\n\nMichael creates a new, more dangerous, break-out plan, involving going through the prison yard. An accident puts Michael\'s new plan in danger.',8.02,'2006-03-28','/4CuelTzvqXpoNXdHkjs79Pw1jx3.jpg',4,NULL),(535,'Brother\'s Keeper','2288','Flashbacks shed light on the past actions that led to the incarceration of Lincoln, Sucre, T-Bag and C-Note. Basis of Michael\'s ingenious break-out plan are revealed. Dr. Tancredi memorizes how she ended up in Fox River State Penitentiary.',7.85,'2006-04-04','/iwSfygbc4TULWimQxGi48go2Zvm.jpg',4,NULL),(536,'J-Cat','2288','Lincoln is worried about Michael\'s sanity while Michael has trouble remembering some parts of the prison schematics. Sucre has to conceal the hole in the guard\'s break room. Warden Pope transfers Michael to solitary after he declines his request.',7.88,'2006-04-11','/k7hSD7OldbAz6lCIn6DJwaan8QY.jpg',4,NULL),(537,'Bluff','2288','In an effort to recreate the missing piece of the tattoo, Michael gets transferred to the psych ward, seeking the help of Haywire. T-Bag and C-Note have to join forces.',8.01,'2006-04-18','/cWtpyMrcqcRNVmlFRDhVRWKIFO6.jpg',4,NULL),(538,'The Key','2288','Michael must get the key to the infirmary and enlist the help of an old face, while Lincoln learns the identity of his kidnapper and another inmate learns of the escape.',8.02,'2006-04-25','/w0fNfB4TgBXcMDQwqaLUjfU2mZY.jpg',4,NULL),(539,'Tonight','2288','Westmoreland wants Michael to speed up the planned escape, and gets Bellick one step closer to unraveling it. Michael has to decide whether to involve Sara in the breakout plan. Tweener\'s devotion is put to a test. Veronica finds out that her ally unexpectedly has a connection to an inmate serving time at Fox River.',8.05,'2006-05-02','/lhupm2Fw1q9ok2lzzpahJz1mtK7.jpg',4,NULL),(540,'Go','2288','Everyone\'s ready to make their escapes across the high wire. Veronica and Nick realize they may be in over their heads. And Agent Kellerman helps Vice President Reynolds calm down before her debate.',8.35,'2006-05-09','/onJECF7AW2Vk8F0KDHcyLIbbUSD.jpg',4,NULL),(541,'Flight','2288','As the escape is in progress, Warden Pope and Captain Bellick begin a search to detain the escapees. Michael and co. have to reach the aircraft fast as the police is hot on their heels. Veronica discovers a major piece of evidence that could prove Lincoln\'s innocence. The Vice President is worried about losing her authority.',8.32,'2006-05-16','/uMaIBCNDIhxB0TC7iBmtoThPPuK.jpg',4,NULL),(542,'Season 2','2288','In season two, Michael, Lincoln and six other inmates, including pickpocket Tweener and the mentally unstable Haywire, have ultimately escaped from Fox River. Once outside the prison walls, however, the escape truly begins as the convicts race for their lives while trying to avoid capture by the authorities. The pursuers are led by FBI agent Alexander Mahone, who is haunted by his own demons; vengeful prison guard Captain Brad Bellick, who, driven by his own personal vendetta, will also stop at nothing until the escapees are captured or killed; and Secret Service Agent Paul Kellerman, who, under President Reynolds\' orders, will do anything to keep the truth about the conspiracy very much a secret.',8.16,'2006-08-22','/tXW8JAtHV3ieelR9RiSOrRNR0Vs.jpg',3,NULL),(543,'Manhunt','2288','As eight hours has passed since the escape, Michael, Lincoln, Sucre, C-Note and Abruzzi attempt to evade their seekers. Bellick is forced to relinquish the command of the search party to FBI Special Agent Alexander Mahone whose ingenious approach makes Michael\'s life as a fugitive harder. \n\nAs a result from her overdose, Dr. Tancredi is in critical condition. \n\nA short-handed T-Bag faces the ultimate challenge.\n',7.97,'2006-08-22','/6ME8E7pEVDEmiBGhoamLkxC9Pqf.jpg',4,NULL),(544,'Otis','2288','Mahone tries to lure the escapees by targeting an imprisoned LJ. Michael and Lincoln come up with a plan to free LJ from jail. Sucre, Abruzzi and C-Note have a plan of their own, but only to break free of their pursuers.Meanwhile, Bellick and Warden Pope feel the heat following their unsuccessful attempts to capture the escapees.Tweener infiltrates a bunch of college students on their way to spring break.\n',7.88,'2006-08-29','/hOSV4OrsuSZSbLgsWxYY3Zy5iLf.jpg',4,NULL),(545,'Scan','2288','Michael and a wounded Lincoln try to outmaneuver Mahone, who is hot on their trail. Sara gets a surprise visit to her bedside. Following his suspension, Bellick recruits a resolute partner to aid in his quest to get the escapees behind the bars.Sucre and C-Note head out for their family reunions-regardless of being observed by the authorities.\n',7.91,'2006-09-05','/eOKlPXVTktCSafoBQLQSzFOMpbG.jpg',4,NULL),(546,'First Down','2288','Bellick, now teamed up with Michael, Lincoln and Nika, sets out to find the money stolen by Westmoreland during the 1971 skyjacking.\n\nKellerman targets Sara, who receives a long-awaited phone call. T-Bag gets a ride from an unsuspecting family. Abruzzi resumes the search for Fibonacci to settle the scores once and for all.\n',7.89,'2006-09-12','/hbg2Kcr7EodQ5ha6Uw0BzvBMJOs.jpg',4,NULL),(547,'Map 1213','2288','Michael and Lincoln are eager to locate the Double K ranch where Westmoreland hid his millions.\n\nSucre goes to Las Vegas to prevent Maricruz from marrying his cousin Hector. C-Note gets on a train.\n\nMahone is given an important package.\n',7.89,'2006-09-19','/sXU5TuCa3hD36dcYVTzIZBGkQaJ.jpg',4,NULL),(548,'Subdivision','2288','Mahone takes an interest in the story of DB Cooper.In their quest to find Westmoreland\'s treasure, Michael and Lincoln travel house-to-house in Utah. Haywire\'s journey outside the prison walls continues. Sucre bumps into an acquaintance.\n',7.86,'2006-09-26','/rLWl65FuilUe2oshkCERKNGzKHq.jpg',4,NULL),(549,'Buried','2288','Michael, Sucre, T-Bag and C-Note claim the hidden treasure.An anxious Lincoln risks everything to get to LJ. LJ grows wary about the easy getaway. Kellerman rethinks where his loyalties lie after Sara gets to The Company\'s hit list. Mahone results to deadly force to get the truth out of Tweener.\n',7.97,'2006-10-03','/wwkgjMyvBngZ9GnNLfFmkCI72dM.jpg',4,NULL),(550,'Dead Fall','2288','In his efforts to try to get hold of all of the money Sucre runs into some unexpected difficulties. And Captain Bellick and his partner have not given up on finding their old inmates.\n',7.93,'2006-10-24','/auKsGwZLe2qOpVaJKgeYPeHKz6U.jpg',4,NULL),(551,'Unearthed','2288','In an effort to learn more about his pursuer Michael cozies up to Mahone\'s wife. L.J. and Lincoln have a bumpy road-trip. T-Bag receives a surprise, and C-Note\'s wife must choose between her daughter and husband.\n',7.91,'2006-10-31','/lMTDsJUIYwJeVQJsJXC5UVh7sIL.jpg',4,NULL),(552,'Rendez-vous','2288','As Michael reunites with Sara, Mahone and Kellerman strive to make sure they stay apart.On the road with LJ, Lincoln meets his father. Sucre tries to contact Maricruz. T-Bag has a reunion of his own.\n',7.89,'2006-11-07','/j5ImimxDHnwto8171WJF0XObbGz.jpg',4,NULL),(553,'Bolshoi Booze','2288','As Lincoln tries to reunite with Michael, he has to say goodbye to another loved one. Michael attempts to obtain a getaway plane. T-Bag gets revenge. Sara and Kellerman face-off.\n',7.93,'2006-11-14','/d1BhIrY9O2A5PyIVxZsknv4TQoX.jpg',4,NULL),(554,'Disconnect','2288','With Mahone on their trail, Michael, Lincoln, their father, and Sucre make a run for the getaway plane. Michael\'s reunion with his father sheds light on his difficult childhood.The women in Bellick and Kellerman\'s lives coerce their men to confess their sins.A medical emergency forces C-Note to risk it all.\n',7.91,'2006-11-21','/adr0NNR5cYtBHFHBDsaQMcR0lA4.jpg',4,NULL),(555,'The Killing Box','2288','Bellick is anything but happy about his sudden homecoming-to Fox River.Elsewhere, Michael and Lincoln might face a homecoming of their own. Mahone and Kellerman use everything they got to make certain that Michael and Lincoln do not get through their road trip alive.Sucre\'s getaway plane encounters some difficulties. T-Bag closes on Mrs. Hollander.',8.05,'2006-11-28','/8Rz8nW7AaSGRQfaDk8XbFecCX9.jpg',4,NULL),(556,'John Doe','2288','Bellick gets a taste of the medicine he gave out when he was the Captain and Agent Mahone\'s ex-wife makes another appearance.',7.96,'2007-01-23','/zs2GcH3YIWm8kYV4OrBEWmlRw1U.jpg',4,NULL),(557,'The Message','2288','In Mexico, Sucre gets a car but gets in trouble by the police. Bellick has more trouble as the new inmate as prisoners who suffered with him want revenge.',7.91,'2007-01-30','/kCi5SJww0dDjS2CgiMYkCZs63kn.jpg',4,NULL),(558,'Chicago','2288','C-Note gets into a tricky situation when a robber holds up the diner he is in and demands every-one into the storage room until the police arrive.Michael, Lincoln and Kellerman get closer to revealing the conspiracy with the help of Sarah.Mahone finds a new ally in Bellick.',7.89,'2007-02-06','/v6UfUmPfUDeTOQJrG3XJayYrBB1.jpg',4,NULL),(559,'Bad Blood','2288','Michael and Sara request Henry Pope\'s help to retrieve the information that will topple The Company.Mahone pins down an escapee. Sucre discovers a new threat while hitchhiking to reunite with Maricruz. T-Bag brings the Hollander family to his home.',7.87,'2007-02-20','/rHSJkRqOmqbd6VerErJzQ5G4Rk4.jpg',4,NULL),(560,'Wash','2288','T-Bag digs deep and finds his \'nice-side\' with the help of a psychiatrist. Michael, Lincoln, and Sarah get their hands on evidence needed to bring down The Company, while Kellerman is close to finding the President.',7.98,'2007-02-27','/1u9a9JihuOCW9lRZhyCEQeu6qw5.jpg',4,NULL),(561,'Sweet Caroline','2288','An unlikely alliance forms between Bellick and Sucre while Michael is determined to face the president. T-Bag gets into some trouble when he loses his luggage and C-Note faces major consequences after some of his actions.',8.03,'2007-03-06','/yxSpDZErilYomIW1EZ7j6wfX70t.jpg',4,NULL),(562,'Panama','2288','Sara sacrifices herself for the safety of Michael so the brothers can get on with their final plan to attain freedom, but their plan gets \'shipwrecked\'. Meanwhile, Bellick blackmails Sucre to partner up as T-Bag\'s streak of murder continues to the south of the border.',7.92,'2007-03-20','/pqrdsmspkQXe3XnXpiss4Uj2kAh.jpg',4,NULL),(563,'Fin Del Camino','2288','The day has finally come for Sara\'s trial while critical information that will exonerate her is being debunked. Meanwhile, Michael is determined to get his hands on the 5 million and to stop T-Bag\'s reign of terror. Bellick is also money hungry and will do whatever it takes to hunt down T-Bag. Kellerman decides his fate while Lincoln and Mahone square off.',7.93,'2007-03-27','/7TpZdnxL5i1YMX3heoOpGLsckFS.jpg',4,NULL),(564,'Sona','2288','Michael tries to save his brother and himself from the unstoppable Mahone. Kellerman\'s testimony at Sarah\'s trial proves different from what was expected, could this be the end for Sarah? Sucre puts everything on the line to save his Maricruz. Just like old times, T-Bag and Bellick are at it again but this time there will be a winner.',8.14,'2007-04-03','/7Otf72kNkXlVasxIJCQ9605NaJD.jpg',4,NULL),(565,'Season 3','2288','Just when they thought they were out, they are pulled back in — for the most dangerous escape ever. Season three finds Michael Scofield wrongly incarcerated in Sona, a hellish Panamanian prison where there are no rules, no guards, and no escape.',7.44,'2007-09-18','/varoTteeNDLQxUFiFmgMmaWkplG.jpg',3,NULL),(566,'Orientación','2288','Now locked up in a Panamanian prison known as Sona, Michael, T-Bag, Bellick, and Mahone try to find a way out. Much to their devastation, they soon find out that the prison has been abandoned by the authorities because of the immense threat from the vile inmates.\nMichael seeks for an inmate named Whistler in the prison sewers.\nAs Lincoln is puzzled by Sara\'s sudden disappearance, he learns that LJ has gotten into some trouble. He also tries to recover the 5 million dollars.',7.87,'2007-09-18','/dcXE9FULTCM9A9fHwsmvC5v0Aat.jpg',4,NULL),(567,'Fire/Water','2288','Michael and Mahone try to lure Whistler out of his hiding place. T-Bag gains some upward momentum in the prison hierarchy as the water supply is running low.\nLincoln meets familiar and not so familiar faces on his quest to free Michael.',7.81,'2007-09-25','/xFHAW5XDmcDUYU4sE8KsPvjCpts.jpg',4,NULL),(568,'Call Waiting','2288','Whistler tells the truth to Michael. Michael tries to get in touch with Sara but the only phone is in Lechero\'s quarters, so he has to rely on T-Bag\'s help.\nMahone battles his addiction. Bellick steps on some toes.',7.81,'2007-10-02','/qvltFe22fCFVmIsLQ5aynOg2UKc.jpg',4,NULL),(569,'Good Fences','2288','After taking delivery of a package from The Company, Lincoln realizes that they are deadly serious.\nMichael\'s new break out plan relies on electricity. Haywire is back from the dead, haunting disoriented Mahone. Bellick and T-Bag get special attention from Lechero.',7.82,'2007-10-09','/mKNXCPU6nNjshRga5fs8TSh2DGZ.jpg',4,NULL),(570,'Interference','2288','A new inmate named Tyge is brought to Sona. After he seemingly recognizes Whistler, Michael\'s doubts arise. T-Bag enters a new area of commerce.Lincoln goes to the seaside with Sofia. Sucre takes over the side-business of his predecessor.',7.75,'2007-10-23','/loUrlgClL1zmVnph1fWSeYq9w1A.jpg',4,NULL),(571,'Photo Finish','2288','Michael threatens to cancel the escape plan unless he sees a proof that Sarah is still alive. Whistler is accused of murdering an inmate and it is up to Michael to prove his innocence and save his life. Lincoln and Sofia help in monitoring the morning guards. Mahone may have another way to get out of Sona.',7.80,'2007-11-06','/5W892drWT7g6MbADUsa1iWCPrWT.jpg',4,NULL),(572,'Vamonos','2288','Everything goes wrong for Michael as he tries to create a diversion.\nLincoln tries to outsmart Susan who has his son. Sucre offers his assistance to Lincoln.',7.86,'2007-11-06','/1SpOoCkp3tug4y3pSR34yNCfilN.jpg',4,NULL),(573,'Bang and Burn','2288','Susan jeopardizes Michael\'s life as she puts her own escape plan into motion. Whistler\'s past catches up to his girlfriend.The Company goes after Lincoln and Sucre. Justice prevails for Mahone. And Lechero sheds light into an empty tunnel.',7.85,'2007-11-13','/yaCg43U3IM1MAKFHtkZhSSq3hpE.jpg',4,NULL),(574,'Boxed In','2288','The Panamanian Army arranges Michael to get a taste of solitary. T-Bag reserves a spot in the escape. Bellick\'s life turns into an uphill battle. Susan traps Sucre.',7.80,'2008-01-15','/3RnZb5y8EPkwl7xg55jxjiSmFGG.jpg',4,NULL),(575,'Dirt Nap','2288','Lechero\'s demotion devastates Michael\'s breakout plan as Sammy takes reigns at Sona. T-Bag forces Bellick to fight in a fight where the odds are stacked heavily against him.\n\nLincoln and Sucre have some surprise fireworks set for Susan.',7.79,'2008-01-22','/vpfzpdq9nG85pMQpYScPK1Zwpye.jpg',4,NULL),(576,'Under & Out','2288','Michael\'s escape may be in jeopardy because of heavy rain. T-Bag and Lechero join forces, while Bellick hopes to do the same with Mahone.',7.87,'2008-02-05','/sNfYmjCrjdySjqWz4lGEpkguhEl.jpg',4,NULL),(577,'Hell or High Water','2288','Michael, Whistler, and Mahone make their break from Sona. But Mahone seems like the odd man out along the way.',7.94,'2008-02-12','/zMICJcH3qJC2CQQvV6mMaEvmww3.jpg',4,NULL),(578,'The Art of the Deal','2288','Michael and Lincoln are left with no choice but to hand Whistler over in exchange to save LJ and Sofia. A familiar face enters Sona while another inmate leaves.',7.96,'2008-02-19','/a4FlhFHeB4zTT4GNzaq1UNj1Ro4.jpg',4,NULL),(579,'Season 4','2288','After engineering a daring escape from the hellish, Panamanian prison Sona, brothers Michael Scofield and Lincoln Burrows are determined to seek justice against The Company, the shadowy group responsible for destroying their lives and killing the woman Michael loves, Dr. Sara Tancredi. Michael’s quest for vengeance leads him to Los Angeles, where his world is turned upside down when Company operative Gretchen/Susan B. Anthony informs him that Sara is still alive. Realizing the only way they will truly be free, Michael and Lincoln avow to find Sara and take down The Company. With the help of Homeland Security agent Don Self, they assemble a group of allies and familiar faces to accomplish their task: Mahone, Sucre, Bellick and computer expert Roland Glenn. Unfortunately for the brothers, they must also evade company assassin Wyatt and find an on-the-loose T-Bag. Michael and Lincoln soon discover the only thing harder than breaking out will be breaking in.',7.31,'2008-09-02','/nBQkn79gw8bUYZ5iKo35fk1HELF.jpg',3,NULL),(580,'Scylla','2288','Michael has trailed Gretchen/Susan, Whistler and Mahone to L.A. Chaos reigns in SONA while T-Bag, Bellick and Sucre go missing. Lincoln and L.J. continue to stay with Sofia.',7.75,'2008-09-02','/2gQemktoi0xe61MRDbmr5dsIbVQ.jpg',4,NULL),(581,'Breaking and Entering','2288','Michael, Lincoln and the others get a new team member, Roland, and work to copy the data card. Wyatt continues his quest to find the brothers. T-Bag makes his way north.',7.80,'2008-09-02','/9zttFOeA4pIXAVirfOT0EuJpSzQ.jpg',4,NULL),(582,'Shut Down','2288','Michael attempts to track the cardholder and avoid going back to prison. Wyatt finds new information regarding Sara\'s whereabouts. Elsewhere, T-Bag uses a new identity to make a new life for himself.',7.80,'2008-09-09','/9hBjKkIaMwDgi4VQqzxe9abFeBv.jpg',4,NULL),(583,'Eagles and Angels','2288','Michael, Lincoln and Sucre must crash a police benefit to obtain the next card key. Reeling from another death, Sarah falls back into an old habit. T-Bag arouses suspicion and runs into some old “friends” his first day on the job.',7.75,'2008-09-16','/9z4WcRWthFEXEMFRBTrBfrx1w6O.jpg',4,NULL),(584,'Safe and Sound','2288','Self locates another card hidden in a safe within a secure federal building, as Mahone continues his quest for revenge. Meanwhile, T-Bag\'s new life may be in jeopardy.',7.82,'2008-09-23','/8XAatpNwBB0GOfgZZcI7pXJyN1V.jpg',4,NULL),(585,'Blow Out','2288','The entire operation may be in jeopardy when Mahone gets into trouble with the law. Gretchen\'s sister receives a surprise visitor. The Company may be onto Self. T-Bag continues to raise suspicions at Gate. ',7.89,'2008-09-30','/cYe7h6LWEx3xjUXZSK0GbT5nsuZ.jpg',4,NULL),(586,'Five the Hard Way','2288','Lincoln takes members of the team to Las Vegas where Sucre gets an indecent proposal. Sarah learns about Michael’s condition, and Roland pushes his luck too far. Gretchen teams up with T-Bag who makes an offer to Michael he cannot refuse. Meanwhile, the secrets in Whistler’s bird book are finally revealed.',7.90,'2008-10-07','/gyoD7lfoZos3MTIdcpW2236sUfJ.jpg',4,NULL),(587,'The Price','2288','Lincoln works to retrieve the final card, which is being held by the General. Michael and Self are forced to work with Gretchen. Meanwhile, Roland continues to be berated for losing the transcribing device in Las Vegas.',7.80,'2008-10-21','/uFmxAOgUQacoW5Z1hIMljRDRSSl.jpg',4,NULL),(588,'Greatness Achieved','2288','Wyatt gets a taste of his own medicine, and Mahone finds some resolution. T-Bag scrambles when the police investigate his missing co-worker while Gretchen gets cozy with a Company man. \nMeanwhile, Michael’s condition continues to worsen, and a team member makes the ultimate sacrifice while planning the underground break-in for Scylla.',7.96,'2008-11-04','/oMsY8jonPTz32YFqAePkrXUrLA4.jpg',4,NULL),(589,'The Legend','2288','Sara is left with no choice but to take Michael to the hospital as his condtion rapidly worsens.\nSucre and Lincoln are faced with unknown territory as they are left in charge of the operation.\nElsewhere, agent Self makes a surprising ally.',7.81,'2008-11-11','/9Ea4EtsNpuVC594IOOBR5fddRwd.jpg',4,NULL),(590,'Quiet Riot','2288','Michael races against time and his ailing health to break into the Company headquarters to steal Scylla, but the break-in’s success lies with Sucre. Gretchen dresses up for a meeting with the General and one final attempt to get the last card key. T-Bag must make a decision to leave his criminal ways for good.',7.91,'2008-11-18','/ewfheXLRlvCRMYoBar1R6GzzBcU.jpg',4,NULL),(591,'Selfless','2288','Sara takes a hostage in a bid to secure Scylla. In the meantime, Michael and Lincoln finally meet the General while one of their members switches allegiance.',8.09,'2008-11-25','/eGWb6avyyKyjRxo4SrJ59eiiDaQ.jpg',4,NULL),(592,'Deal Or No Deal','2288','It\'s up to Michael to hold the gang together after they find out they were betrayed by one of their own. Meanwhile, Gretchen is blackmailed by T-Bag\'s new partner.',7.90,'2008-12-02','/54UxpQbYKDDpXZMK2O6V7o6ubjZ.jpg',4,NULL),(593,'Just Business','2288','Michael, whose condition is deteriorating, winds up in the hands of The Company who promise Lincoln that they can save Michael\'s life in exchange for a favor.\nElsewhere, Gretchen and Self wind up with Scylla and a buyer. \n',7.85,'2008-12-09','/a6LSuCiQTC53cPGNqJ2PhVtFM6B.jpg',4,NULL),(594,'Going Under','2288','Michael gets medical attention from the most unlikely of places, and Charles Westmoreland returns to help uncover the true meaning of Scylla. Meanwhile, Lincoln and Sucre race to stop Gretchen before Scylla is lost forever.',7.80,'2008-12-16','/j1RjXLsQPq0DshcO7O04uVJIVnH.jpg',4,NULL),(595,'The Sunshine State','2288','Lincoln and his new partners arrive in Miami to recover Scylla from its shocking new owner, and Sara searches for a missing Michael who learns some surprising information about his past. Meanwhile, a double-crossing leads to a death and an arrest in \"The Sunshine State.\"',7.71,'2008-12-23','/r0p9UMOVZtHkgq7uAAfQA6Ewu0h.jpg',4,NULL),(596,'The Mother Lode','2288','Michael and Sara journey to Miami while Lincoln meets with his mother.\nT-Bag and Self\'s mission to locate Scylla takes a dramatic turn.\nThe General comes under pressure. ',7.65,'2009-04-18','/eAcHEa8EMuLeo9WH8Fau9DXzsVF.jpg',4,NULL),(597,'VS','2288','Michael and Lincoln come to blows over Scylla as Christina sets the wheels in motion for her plan. Meanwhile, Sara receives life-changing news. T-Bag arrives at the Indian Embassy. The General becomes increasingly paranoid.',7.72,'2009-04-25','/xuroAkXAlGnHXrRsFY5eCppDFzR.jpg',4,NULL),(598,'S.O.B.','2288','Michael\'s reunion with Christina is soured when she drops a bombshell regarding Lincoln, and T-Bag grows determined to prove he is worthy of being a member of the Company.',7.69,'2009-05-02','/wABDmPQ6azbS62AnIqu5GLkuFRP.jpg',4,NULL),(599,'Cowboys and Indians','2288','Pandemonium erupts at the hotel following the assassination, and Christina puts the final pieces of her plan together. Meanwhile, the General makes good on his threat, and Michael is forced to choose between saving either Lincoln or Sara.',7.74,'2009-05-09','/fTha4ieHNSwadoNEdPxONrnLTQQ.jpg',4,NULL),(600,'Rate of Exchange','2288','Familiar faces return to help Michael end his quest to bring down The Company once and for all.',7.77,'2009-05-16','/AvlGIjrLMsMPHuSRi0Jwu5GtEHI.jpg',4,NULL),(601,'Killing Your Number','2288','Michael tries to bring down the Company once and for all.',8.22,'2009-05-16','/5a4gEiDFk1IYjCUCh41grh8QBgg.jpg',4,NULL),(602,'Season 5','2288','Seven years later, thanks to an information provided by T-Bag, Lincoln and Sara discover that Michael is still alive in a Yemen prison, so they develop a plan to get him out.',7.67,'2017-03-22','/mLNuUFw1d7uDKUtU4iNRzmj5GK7.jpg',3,NULL),(603,'Ogygia','2288','Clues surface that suggest a previously thought-to-be-dead Michael may be alive. Lincoln and Sara, Michael’s wife until he was presumed dead, reunite to engineer the series’ biggest escape ever, as three of Fox River State Penitentiary’s most notorious escapees, Sucre, T-Bag and C-Note, are pulled back into the action.',7.89,'2017-04-05','/5JfwxILzI6Kb9zqSnothjZKmqS0.jpg',4,NULL),(604,'Kaniel Outis','2288','As Lincoln and C-Note search for the “Sheik of Light,” Michael and his cellmate, Whip, attempt an escape from Ogygia. Meanwhile, Sara’s investigation into Michael’s reappearance leads her to the state department and an uneasy reunion with Paul Kellerman.\n',7.82,'2017-04-12','/iIWt0XSI5lf8JzfZovyEd9EOdep.jpg',4,NULL),(605,'The Liar','2288','T-Bag ambushes Sara and warns her that two of Poseidon’s henchmen, Van Gogh and A&W, may be following her. Lincoln attempts to retrieve his confiscated passport to escape Yemen and Michael plans his next move ',7.70,'2017-04-19','/y8YPPydBfZeVG4Lk9wHyKC8NTAi.jpg',4,NULL),(606,'The Prisoner\'s Dilemma','2288','Michael, Whip and Ja make their last attempt to break from Ogygia, but must make a deal with the devil to do so. Lincoln races against the clock to help with the escape, as T-Bag meets with Kellerman to gather more info on Michael\'s resurrection.',7.86,'2017-04-26','/wDCQJ8AFqHFmSmytw3zwQb6Yzrk.jpg',4,NULL),(607,'Contingency','2288','Lincoln becomes frustrated as he tries to understand what really happened to Michael. C-Note has a new escape plan, but fears it will not be executed quickly enough, as Cyclops is trailing closely behind. Meanwhile, Sara struggles with the idea that Michael may be alive.\n',7.69,'2017-05-03','/mmn4lNsoelI97AJpJpPBaTss3M8.jpg',4,NULL),(608,'Phaeacia','2288','As Michael, Lincoln and the remaining Ogygia gang try to escape Yemen, they find themselves racing though the desert from a vengeful Cyclops. Meanwhile, A&W and Van Gogh question their roles as their pursuit of the escapees leads them to...Graceland.\n\n',7.58,'2017-05-10','/kbYBABw81gnyTPpBAl4MRnCwFUA.jpg',4,NULL),(609,'Wine-Dark Sea','2288','Sara becomes fearful of her family\'s safety when she discovers the real reason that Michael faked his own death. In the meantime, Michael and Lincoln continue to try find a way home with the help of Sucre, and the real identity of Poseidon is revealed.\n',7.76,'2017-05-17','/zeKnUr0NXeLlb8NrC0UJSa8Alsb.jpg',4,NULL),(610,'Progeny','2288','When Sara and her son are threatened, Michael and Lincoln recruit the help of Sheba and C-Note to catch Poseidon; Whip sets out on a separate mission; T-Bag reveals a secret.',7.89,'2017-05-24','/rJjw5noJPUdZ3XiNaIqbnDoT8eA.jpg',4,NULL),(611,'Behind the Eyes','2288','Dangerous threats keep Michael and Lincoln fighting to protect Sara and Mike; Poseidon\'s attempts to outsmart Michael and the rest of the gang lead them to the ultimate showdown.',8.06,'2017-05-31','/mcywyhyZ3QXaFHavH6ZjdtWmk1w.jpg',4,NULL),(612,'Fargo','60622','An American black comedy–crime drama anthology television series created and primarily written by Noah Hawley. The show is inspired by the 1996 film of the same name written and directed by the Coen brothers, who serve as executive producers on the series. Each season follows an anthology format, being set in a different era along with a different story, cast and set of characters.',8.85,'2014-04-14','/e890UetS6XH7kqltlZ8VU6qDaHU.jpg',2,NULL),(613,'Season 1','60622',NULL,8.99,'2014-04-16','/matO9b040ibkviZV5mmDdKpQMEV.jpg',3,NULL),(614,'The Crocodile\'s Dilemma','60622','A ruthless, manipulative man meets a small town insurance salesman and sets him on a path of destruction.',8.30,'2014-04-16','/3FQOlp4DD4bSWz3qfoznUNJjqGL.jpg',4,NULL),(615,'The Rooster Prince','60622','Molly begins to suspect that Lester is involved in the murders, but her new boss points her in a different direction. Meanwhile, Malvo investigates the blackmail plot against a man known as the \'Supermarket King\'.',7.92,'2014-04-23','/heCd4SuRAQtzt7FbwMNdmiFtFvG.jpg',4,NULL),(616,'A Muddy Road','60622','Malvo flips the script on the blackmail operation, Molly sets a trap, and Gus debates whether he should come clean. Lester\'s return to work has complicated repercussions.',8.04,'2014-04-30','/269IUdtuzqCfRWOHxgkPX24Oj6h.jpg',4,NULL),(617,'Eating the Blame','60622','When Gus tries to right a wrong, Malvo embraces his alter ego. Lester finds himself in a surprising situation, and Molly uncovers a promising lead.',8.11,'2014-05-07','/psDcdcOC1f8JOrJfdd1RvrByzmk.jpg',4,NULL),(618,'The Six Ungraspables','60622','When Lester has a close call, Molly makes an unorthodox decision. Gus weighs some neighborly advice, and Malvo gets what he wants.',7.95,'2014-05-14','/thwaGJ8kAkEWa5lrvmHPnQKMpwQ.jpg',4,NULL),(619,'Buridan\'s Ass','60622','Malvo executes his master plan, while Lester attempts to craft one of his own. Gus and Molly team up in Duluth. ',8.24,'2014-05-21','/4tBslQdkXDtGOTbFbp89WG0Pn0X.jpg',4,NULL),(620,'Who Shaves the Barber?','60622','Malvo seeks answers, while Lester finagles a few of his own. Molly and Gus try to get past a setback in the investigation.',8.12,'2014-05-28','/yMN76D8tdEKptKiLTDbxgmk2gYa.jpg',4,NULL),(621,'The Heap','60622','Molly faces pressure to close the case, while Lester starts to feel like a new man.',8.06,'2014-06-04','/z0dQrylb9iFxu0ImB4ibCtIjcW7.jpg',4,NULL),(622,'A Fox, a Rabbit, and a Cabbage','60622','Lester has an unexpected encounter, Malvo changes course, and a new investigation leads Molly down a familiar path.',8.34,'2014-06-11','/amMJDXnoViXKsuHzgGPQihGyWDM.jpg',4,NULL),(623,'Morton\'s Fork','60622','Molly takes the lead, while Gus pursues a hunch. Lester manipulates a situation, and Malvo finds a new target.',8.66,'2014-06-18','/kMAfFXXi5GpmXo4V7pJ8SXleU2o.jpg',4,NULL),(624,'Season 2','60622',NULL,8.71,'2015-10-13','/xeKfy7m8rPl08mQ6ZfbkgOy6Hdj.jpg',3,NULL),(625,'Waiting for Dutch','60622','In 1979, an unexpected turn of events at a diner disrupts the lives of the citizens in a small Minnesota town. ',7.81,'2015-10-13','/f5GAKBnvFOYs1kpPm12GX67dlmN.jpg',4,NULL),(626,'Before the Law','60622','The Gerhardts get a surprising offer, and two unlikely murderers do their best to clean up their mess.',7.81,'2015-10-20','/lr6INd2kO3lT4UHi9Rpx0QRJy7B.jpg',4,NULL),(627,'The Myth of Sisyphus','60622','The Gerhardts\' search for Rye intensifies. Lou takes a trip to Fargo. Peggy overhears a new theory about the Waffle Hut shooter.',7.83,'2015-10-27','/AbDD6X7bPY6ssO0L2WtwnzgLob3.jpg',4,NULL),(628,'Fear and Trembling','60622','Floyd responds to Kansas City’s proposal, Hanzee takes a road trip, and Lou has a realization.',7.81,'2015-11-03','/if7NEHuvF8pukFTu1jvBXlfFFp.jpg',4,NULL),(629,'The Gift of the Magi','60622','Floyd takes action, and Charlie tries to prove himself. Peggy and Ed disagree about what to do next, while Lou finds himself sidelined during Ronald Reagan’s campaign tour.',8.05,'2015-11-10','/f6friNdCny0Ny1baFkr9057n2NX.jpg',4,NULL),(630,'Rhinoceros','60622','Lou and Hank try to prevent an altercation, Peggy and Ed defend their choices and the Gerhardt clan attempts to get back one of their own.',8.15,'2015-11-17','/f39zcWNYeRzs4akIHoDX3tVsrCY.jpg',4,NULL),(631,'Did You Do This? No, You Did It!','60622','Lou and Hank investigate in Fargo, The King of Breakfast visits Betsy and Molly, Floyd is summoned away and Bear questions a family member’s loyalty.',8.07,'2015-11-24','/heY4gHbp5KzIqj3V0wAL52nTdSO.jpg',4,NULL),(632,'Loplop','60622','Hanzee searches for Peggy and Ed. Dodd ends up in unfamiliar territory.',8.35,'2015-12-01','/wuZqErsa5pS5oSP1guS3nlqqbfl.jpg',4,NULL),(633,'The Castle','60622','Peggy and Ed agree to follow through with their plan at the Motor Motel, Lou faces jurisdictional politics and Hanzee reports back to the Gerhardts.',8.40,'2015-12-08','/qoWv82WUK0f6eDLqQgujChscKsi.jpg',4,NULL),(634,'Palindrome','60622','Peggy and Ed make a run for it.',7.94,'2015-12-15','/h6sSCMixDZh4lBLxR9zZCmgE1JH.jpg',4,NULL),(635,'Season 3','60622',NULL,8.00,'2017-04-20','/dYHoNzcpQXzU2qBMZYbyOnrcuvi.jpg',3,NULL),(636,'The Law of Vacant Places','60622','A petty sibling rivalry between two brothers escalates and brings chaos to a small Minnesotan community.',7.93,'2017-04-20','/phouc6q1IZTxUlClr7CNnxaF9Xw.jpg',4,NULL),(637,'The Principle of Restricted Choice','60622','Gloria deals with the aftermath of a crime, Vargas makes a move, and Ray and Nikki move on to Plan B.',7.82,'2017-04-27','/1NqbChQ7sSXQvo0WKHS7bHKwv2o.jpg',4,NULL),(638,'The Law of Non-Contradiction','60622','Gloria revisits her stepfather\'s past to try and find some answers.',7.67,'2017-05-04','/q38okovZVSEsabPddeH2dFplpJE.jpg',4,NULL),(639,'The Narrow Escape Problem','60622','Emmit and Sy try to figure out what they\'ve gotten themselves into, Nikki and Ray track down some collateral, and Gloria learns more about Maurice.',7.87,'2017-05-11','/2o7A2iP8m72tSkMz26BXUwH50ZF.jpg',4,NULL),(640,'The House of Special Purpose','60622','Nikki and Ray’s retaliation has consequences for Emmit. Gloria and Winnie start connecting the dots.',7.87,'2017-05-18','/1KGKMJXfIlwkVjBV3TBrPkRuuqy.jpg',4,NULL),(641,'The Lord of No Mercy','60622','Gloria and Winnie get closer to the truth. Emmit tries to make things right. Nikki and Ray prepare for payback. Varga cleans up a mess. ',7.98,'2017-05-25','/5ZfK6DrqbZ4B98zBEGbY4M0C0lK.jpg',4,NULL),(642,'The Law of Inevitability','60622','Gloria tries to work around the system. Nikki finds herself in a familiar place. Varga comes up with an alternative plan. Emmit goes to dinner.',7.88,'2017-06-01','/yaf1iDx4AW0CDx9RnjD8E6mvw71.jpg',4,NULL),(643,'Who Rules the Land of Denial?','60622','Nikki struggles to survive. Emmit gets spooked. Sy joins Varga for tea.',7.95,'2017-06-08','/AmXD9mAHJpX8NQK6u446FLjrOp8.jpg',4,NULL),(644,'Aporia','60622','Emmit sits down with Gloria while Nikki negotiates a deal.',8.02,'2017-06-15','/1Uh1j9R2lLJf6D0DrV3N0OYD1Et.jpg',4,NULL),(645,'Somebody to Love','60622','In the season finale, Gloria follows the money, Nikki plays a game and Emmit learns a lesson about progress from Varga.',8.13,'2017-06-22','/24APQdCi8Q2xJzC9rutUh1kSvIl.jpg',4,NULL);
/*!40000 ALTER TABLE `media` ENABLE KEYS */;
UNLOCK TABLES;

--
-- Table structure for table `movie`
--

DROP TABLE IF EXISTS `movie`;
/*!40101 SET @saved_cs_client     = @@character_set_client */;
/*!40101 SET character_set_client = utf8 */;
CREATE TABLE `movie` (
  `id_movie` int(11) NOT NULL AUTO_INCREMENT,
  `slug` varchar(255) NOT NULL,
  `imdb` varchar(45) DEFAULT NULL,
  `tagline` varchar(150) DEFAULT NULL,
  `trailer` varchar(255) DEFAULT NULL,
  `runtime` int(11) DEFAULT NULL,
  `homepage` varchar(255) DEFAULT NULL,
  `language` varchar(5) DEFAULT NULL,
  `certification` varchar(10) DEFAULT NULL,
  `media_id` int(11) NOT NULL,
  PRIMARY KEY (`id_movie`),
  KEY `fk_movie_media1_idx` (`media_id`),
  CONSTRAINT `fk_movie_media1` FOREIGN KEY (`media_id`) REFERENCES `media` (`id_media`) ON DELETE NO ACTION ON UPDATE NO ACTION
) ENGINE=InnoDB AUTO_INCREMENT=11 DEFAULT CHARSET=utf8;
/*!40101 SET character_set_client = @saved_cs_client */;

--
-- Dumping data for table `movie`
--

LOCK TABLES `movie` WRITE;
/*!40000 ALTER TABLE `movie` DISABLE KEYS */;
INSERT INTO `movie` VALUES (1,'wonder-woman-2017','tt0451279','Power. Grace. Wisdom. Wonder.','http://youtube.com/watch?v=5lGoQhFb4NM',141,'http://www.warnerbros.com/wonder-woman','en','PG-13',1),(2,'transformers-the-last-knight-2017','tt3371366','There are mysteries to the universe we were never meant to solve','http://youtube.com/watch?v=6Vtf0MszgP8',149,'http://www.transformersmovie.com/','en','PG-13',2),(3,'the-lost-city-of-z-2017','tt1212428','In 1925, Percy Fawcett ventured into the Amazon in search of a myth. What he discovered became legendary.','http://youtube.com/watch?v=Yixiv6A0BbU',140,'http://www.lostcityofzfilm.co.uk/home','en','PG-13',3),(4,'the-fate-of-the-furious-2017','tt4630562','Family no more','http://youtube.com/watch?v=JwMKRevYa_M',136,'http://www.fastandfurious.com/','en','PG-13',4),(5,'kong-skull-island-2017','tt3731562','All hail the king','http://youtube.com/watch?v=44LdLqgOpjo',118,'http://kongskullislandmovie.com/','en','PG-13',5),(6,'chips-2017','tt0493405','Chip Happens','http://youtube.com/watch?v=nmgeiznfdLI',100,'https://www.warnerbros.com/chips','en','R',6),(7,'the-boss-baby-2017','tt3874544','Born leader','http://youtube.com/watch?v=tquIfapGVqs',97,'http://www.dreamworks.com/thebossbaby/','en','PG',7),(8,'king-arthur-legend-of-the-sword-2017','tt1972591','From nothing comes a King','http://youtube.com/watch?v=6rbPTQIdjmY',126,'http://kingarthurmovie.com','en','PG-13',8),(9,'logan-2017','tt3315342','His time has come','http://youtube.com/watch?v=XaE_9pfybL4',137,'http://www.foxmovies.com/movies/logan','en','R',9),(10,'moana-2016','tt3521164','The ocean is calling.','http://youtube.com/watch?v=LKFuXETZUsI',107,'http://movies.disney.com/moana','en','PG',10);
/*!40000 ALTER TABLE `movie` ENABLE KEYS */;
UNLOCK TABLES;

--
-- Table structure for table `movie_has_genre`
--

DROP TABLE IF EXISTS `movie_has_genre`;
/*!40101 SET @saved_cs_client     = @@character_set_client */;
/*!40101 SET character_set_client = utf8 */;
CREATE TABLE `movie_has_genre` (
  `movie_id` int(11) NOT NULL,
  `genre_id` int(11) NOT NULL,
  PRIMARY KEY (`movie_id`,`genre_id`),
  KEY `fk_movie_has_genre_genre1_idx` (`genre_id`),
  KEY `fk_movie_has_genre_movie1_idx` (`movie_id`),
  CONSTRAINT `fk_movie_has_genre_genre1` FOREIGN KEY (`genre_id`) REFERENCES `genre` (`id_genre`) ON DELETE NO ACTION ON UPDATE NO ACTION,
  CONSTRAINT `fk_movie_has_genre_movie1` FOREIGN KEY (`movie_id`) REFERENCES `movie` (`id_movie`) ON DELETE NO ACTION ON UPDATE NO ACTION
) ENGINE=InnoDB DEFAULT CHARSET=utf8;
/*!40101 SET character_set_client = @saved_cs_client */;

--
-- Dumping data for table `movie_has_genre`
--

LOCK TABLES `movie_has_genre` WRITE;
/*!40000 ALTER TABLE `movie_has_genre` DISABLE KEYS */;
INSERT INTO `movie_has_genre` VALUES (1,1),(1,2),(1,15),(1,32),(2,1),(2,2),(2,32),(2,40),(3,1),(3,2),(3,11),(3,18),(4,1),(4,8),(4,40),(5,1),(5,2),(5,15),(6,1),(6,7),(6,8),(7,3),(7,7),(7,13),(8,1),(8,11),(8,15),(9,1),(9,11),(9,32),(10,2),(10,3),(10,7),(10,13),(10,15);
/*!40000 ALTER TABLE `movie_has_genre` ENABLE KEYS */;
UNLOCK TABLES;

--
-- Table structure for table `season`
--

DROP TABLE IF EXISTS `season`;
/*!40101 SET @saved_cs_client     = @@character_set_client */;
/*!40101 SET character_set_client = utf8 */;
CREATE TABLE `season` (
  `id_season` int(11) NOT NULL AUTO_INCREMENT,
  `number` int(11) NOT NULL,
  `episodes` int(11) DEFAULT NULL,
  `aired_episodes` int(11) DEFAULT NULL,
  `show_id` int(11) NOT NULL,
  `media_id` int(11) NOT NULL,
  PRIMARY KEY (`id_season`),
  KEY `fk_season_show1_idx` (`show_id`),
  KEY `fk_season_media1_idx` (`media_id`),
  CONSTRAINT `fk_season_media1` FOREIGN KEY (`media_id`) REFERENCES `media` (`id_media`) ON DELETE NO ACTION ON UPDATE NO ACTION,
  CONSTRAINT `fk_season_show1` FOREIGN KEY (`show_id`) REFERENCES `show` (`id_show`) ON DELETE NO ACTION ON UPDATE NO ACTION
) ENGINE=InnoDB AUTO_INCREMENT=49 DEFAULT CHARSET=utf8;
/*!40101 SET character_set_client = @saved_cs_client */;

--
-- Dumping data for table `season`
--

LOCK TABLES `season` WRITE;
/*!40000 ALTER TABLE `season` DISABLE KEYS */;
INSERT INTO `season` VALUES (1,1,10,10,1,12),(2,2,10,10,1,23),(3,3,10,10,1,34),(4,4,10,10,1,45),(5,5,10,10,1,56),(6,6,10,10,1,67),(7,7,7,0,1,78),(8,1,13,13,2,87),(9,2,13,13,2,101),(10,3,13,13,2,115),(11,4,13,13,2,129),(12,5,13,13,2,143),(13,6,13,13,2,157),(14,7,13,13,2,171),(15,8,12,12,2,185),(16,9,12,12,2,198),(17,10,12,12,2,211),(18,1,13,13,3,225),(19,2,13,13,3,239),(20,3,13,13,3,253),(21,4,13,13,3,267),(22,5,13,13,3,281),(23,1,13,13,4,296),(24,2,13,13,4,310),(25,3,13,13,4,324),(26,4,13,13,4,338),(27,5,13,13,4,352),(28,1,13,13,5,367),(29,2,13,13,5,381),(30,3,13,5,5,395),(31,1,8,8,6,410),(32,1,8,8,7,420),(33,2,10,10,7,429),(34,3,10,10,7,440),(35,4,10,10,7,451),(36,1,10,10,8,463),(37,2,10,10,8,474),(38,3,10,10,8,485),(39,4,10,10,8,496),(40,5,10,3,8,507),(41,1,22,22,9,519),(42,2,22,22,9,542),(43,3,13,13,9,565),(44,4,22,22,9,579),(45,5,9,9,9,602),(46,1,10,10,10,613),(47,2,10,10,10,624),(48,3,10,10,10,635);
/*!40000 ALTER TABLE `season` ENABLE KEYS */;
UNLOCK TABLES;

--
-- Table structure for table `show`
--

DROP TABLE IF EXISTS `show`;
/*!40101 SET @saved_cs_client     = @@character_set_client */;
/*!40101 SET character_set_client = utf8 */;
CREATE TABLE `show` (
  `id_show` int(11) NOT NULL AUTO_INCREMENT,
  `slug` varchar(255) NOT NULL,
  `imdb` varchar(45) DEFAULT NULL,
  `aired_day` varchar(20) DEFAULT NULL,
  `aired_time` varchar(5) DEFAULT NULL,
  `aired_timezone` varchar(20) DEFAULT NULL,
  `runtime` int(11) DEFAULT NULL,
  `certification` varchar(10) DEFAULT NULL,
  `network` varchar(15) DEFAULT NULL,
  `country` varchar(50) DEFAULT NULL,
  `trailer` varchar(255) DEFAULT NULL,
  `homepage` varchar(255) DEFAULT NULL,
  `status` varchar(20) DEFAULT NULL,
  `language` varchar(5) DEFAULT NULL,
  `aired_episodes` int(11) DEFAULT NULL,
  `seasons` int(11) NOT NULL,
  `media_id` int(11) NOT NULL,
  PRIMARY KEY (`id_show`),
  KEY `fk_show_media1_idx` (`media_id`),
  CONSTRAINT `fk_show_media1` FOREIGN KEY (`media_id`) REFERENCES `media` (`id_media`) ON DELETE NO ACTION ON UPDATE NO ACTION
) ENGINE=InnoDB AUTO_INCREMENT=11 DEFAULT CHARSET=utf8;
/*!40101 SET character_set_client = @saved_cs_client */;

--
-- Dumping data for table `show`
--

LOCK TABLES `show` WRITE;
/*!40000 ALTER TABLE `show` DISABLE KEYS */;
INSERT INTO `show` VALUES (1,'game-of-thrones','tt0944947','Sunday','21:00','America/New_York',55,'TV-MA','HBO','us',NULL,'http://www.hbo.com/game-of-thrones','returning series','en',60,7,11),(2,'doctor-who-2005','tt0436992','Saturday','18:45','Europe/London',45,'TV-PG','BBC One','gb',NULL,'http://www.bbc.co.uk/programmes/b006q2x0','returning series','en',127,10,86),(3,'orange-is-the-new-black','tt2372162','Friday','00:00','America/New_York',60,'TV-MA','Netflix','us','http://youtube.com/watch?v=njy0dFFlpAc','https://www.netflix.com/title/70242311','returning series','en',65,5,224),(4,'house-of-cards','tt1856010','Friday','00:00','America/New_York',50,'TV-MA','Netflix','us','http://youtube.com/watch?v=ULwUzF1q5w4','http://www.netflix.com/title/70178217','returning series','en',65,5,295),(5,'dark-matter','tt4159076','Friday','21:00','America/Toronto',45,'TV-14','Syfy','ca','http://youtube.com/watch?v=h6nwpNgPejA','http://www.syfy.com/darkmatter','returning series','en',31,3,366),(6,'american-gods','tt1898069','Sunday','21:00','America/New_York',60,'TV-MA','Starz!','us','http://youtube.com/watch?v=oyoXURn9oK0','https://www.starz.com/series/americangods','returning series','en',8,1,409),(7,'silicon-valley','tt2575988','Sunday','22:00','America/New_York',30,'TV-MA','HBO','us','http://youtube.com/watch?v=69V__a49xtw','http://www.hbo.com/silicon-valley','returning series','en',38,4,419),(8,'orphan-black','tt2234222','Saturday','22:00','America/New_York',45,'TV-MA','BBC America','us','http://youtube.com/watch?v=OcnIQeWY6MA','http://www.bbcamerica.com/shows/orphan-black','returning series','en',44,5,462),(9,'prison-break','tt0455275','Tuesday','21:00','America/New_York',45,'TV-14','FOX (US)','us','http://youtube.com/watch?v=x9T-9fZn_oA','http://www.fox.com/prisonbreak','returning series','en',88,5,518),(10,'fargo','tt2802850','Wednesday','22:00','America/New_York',55,'TV-MA','FX (US)','us',NULL,'http://www.fxnetworks.com/fargo','returning series','en',30,3,612);
/*!40000 ALTER TABLE `show` ENABLE KEYS */;
UNLOCK TABLES;

--
-- Table structure for table `show_has_genre`
--

DROP TABLE IF EXISTS `show_has_genre`;
/*!40101 SET @saved_cs_client     = @@character_set_client */;
/*!40101 SET character_set_client = utf8 */;
CREATE TABLE `show_has_genre` (
  `show_id` int(11) NOT NULL,
  `genre_id` int(11) NOT NULL,
  PRIMARY KEY (`show_id`,`genre_id`),
  KEY `fk_show_has_Genre_Genre1_idx` (`genre_id`),
  KEY `fk_show_has_Genre_show1_idx` (`show_id`),
  CONSTRAINT `fk_show_has_Genre_Genre1` FOREIGN KEY (`genre_id`) REFERENCES `genre` (`id_genre`) ON DELETE NO ACTION ON UPDATE NO ACTION,
  CONSTRAINT `fk_show_has_Genre_show1` FOREIGN KEY (`show_id`) REFERENCES `show` (`id_show`) ON DELETE NO ACTION ON UPDATE NO ACTION
) ENGINE=InnoDB DEFAULT CHARSET=utf8;
/*!40101 SET character_set_client = @saved_cs_client */;

--
-- Dumping data for table `show_has_genre`
--

LOCK TABLES `show_has_genre` WRITE;
/*!40000 ALTER TABLE `show_has_genre` DISABLE KEYS */;
INSERT INTO `show_has_genre` VALUES (1,1),(1,2),(1,11),(1,15),(1,32),(2,1),(2,2),(2,11),(2,15),(2,32),(3,7),(3,11),(4,11),(5,11),(5,26),(5,32),(5,40),(6,1),(6,2),(6,11),(6,15),(6,26),(6,32),(7,7),(8,1),(8,11),(8,15),(8,32),(8,40),(9,1),(9,2),(9,8),(9,11),(9,26),(10,8),(10,11),(10,40);
/*!40000 ALTER TABLE `show_has_genre` ENABLE KEYS */;
UNLOCK TABLES;

--
-- Table structure for table `user`
--

DROP TABLE IF EXISTS `user`;
/*!40101 SET @saved_cs_client     = @@character_set_client */;
/*!40101 SET character_set_client = utf8 */;
CREATE TABLE `user` (
  `id_user` int(11) NOT NULL AUTO_INCREMENT,
  `username` varchar(20) NOT NULL,
  `email` varchar(50) NOT NULL,
  `about` varchar(500) DEFAULT NULL,
  `birthday` date DEFAULT NULL,
  `gender` enum('Male','Female') DEFAULT NULL,
  `password` varchar(256) NOT NULL,
  `image_path` varchar(75) DEFAULT NULL,
  PRIMARY KEY (`id_user`)
) ENGINE=InnoDB DEFAULT CHARSET=utf8;
/*!40101 SET character_set_client = @saved_cs_client */;

--
-- Dumping data for table `user`
--

LOCK TABLES `user` WRITE;
/*!40000 ALTER TABLE `user` DISABLE KEYS */;
/*!40000 ALTER TABLE `user` ENABLE KEYS */;
UNLOCK TABLES;

--
-- Table structure for table `user_has_media`
--

DROP TABLE IF EXISTS `user_has_media`;
/*!40101 SET @saved_cs_client     = @@character_set_client */;
/*!40101 SET character_set_client = utf8 */;
CREATE TABLE `user_has_media` (
  `user_id` int(11) NOT NULL,
  `media_id` int(11) NOT NULL,
  `watched` tinyint(4) NOT NULL,
  `watchlist` tinyint(4) DEFAULT NULL,
  `rating` int(11) DEFAULT NULL,
  `comment` varchar(255) DEFAULT NULL,
  `add_date` datetime NOT NULL,
  `view_date` datetime DEFAULT NULL,
  PRIMARY KEY (`user_id`,`media_id`),
  KEY `fk_user_has_show_user1_idx` (`user_id`),
  KEY `fk_user_has_show_media1_idx` (`media_id`),
  CONSTRAINT `fk_user_has_show_media1` FOREIGN KEY (`media_id`) REFERENCES `media` (`id_media`) ON DELETE NO ACTION ON UPDATE NO ACTION,
  CONSTRAINT `fk_user_has_show_user1` FOREIGN KEY (`user_id`) REFERENCES `user` (`id_user`) ON DELETE NO ACTION ON UPDATE NO ACTION
) ENGINE=InnoDB DEFAULT CHARSET=utf8;
/*!40101 SET character_set_client = @saved_cs_client */;

--
-- Dumping data for table `user_has_media`
--

LOCK TABLES `user_has_media` WRITE;
/*!40000 ALTER TABLE `user_has_media` DISABLE KEYS */;
/*!40000 ALTER TABLE `user_has_media` ENABLE KEYS */;
UNLOCK TABLES;
/*!50003 SET @saved_cs_client      = @@character_set_client */ ;
/*!50003 SET @saved_cs_results     = @@character_set_results */ ;
/*!50003 SET @saved_col_connection = @@collation_connection */ ;
/*!50003 SET character_set_client  = utf8 */ ;
/*!50003 SET character_set_results = utf8 */ ;
/*!50003 SET collation_connection  = utf8_general_ci */ ;
/*!50003 SET @saved_sql_mode       = @@sql_mode */ ;
/*!50003 SET sql_mode              = 'STRICT_TRANS_TABLES,STRICT_ALL_TABLES,NO_ZERO_IN_DATE,NO_ZERO_DATE,ALLOW_INVALID_DATES,ERROR_FOR_DIVISION_BY_ZERO,TRADITIONAL,NO_AUTO_CREATE_USER,NO_ENGINE_SUBSTITUTION' */ ;
DELIMITER ;;
/*!50003 CREATE*/ /*!50017 DEFINER=`root`@`localhost`*/ /*!50003 TRIGGER `trackdb`.`user_has_media_AFTER_INSERT` AFTER INSERT ON `user_has_media` FOR EACH ROW
BEGIN

	DECLARE v_media_rating DECIMAL(4,2);
    
	SELECT rating INTO v_media_rating 
		FROM media 
			WHERE id_media = new.media_id;
    
    IF v_media_rating IS NULL THEN
		UPDATE media 
			SET rating = new.rating
            WHERE id_media = new.media_id;
    Else
		UPDATE media
			SET rating = ((new.rating+v_media_rating)/2)
            WHERE id_media = new.media_id;
    END IF;
    
END */;;
DELIMITER ;
/*!50003 SET sql_mode              = @saved_sql_mode */ ;
/*!50003 SET character_set_client  = @saved_cs_client */ ;
/*!50003 SET character_set_results = @saved_cs_results */ ;
/*!50003 SET collation_connection  = @saved_col_connection */ ;
/*!50003 SET @saved_cs_client      = @@character_set_client */ ;
/*!50003 SET @saved_cs_results     = @@character_set_results */ ;
/*!50003 SET @saved_col_connection = @@collation_connection */ ;
/*!50003 SET character_set_client  = utf8 */ ;
/*!50003 SET character_set_results = utf8 */ ;
/*!50003 SET collation_connection  = utf8_general_ci */ ;
/*!50003 SET @saved_sql_mode       = @@sql_mode */ ;
/*!50003 SET sql_mode              = 'STRICT_TRANS_TABLES,STRICT_ALL_TABLES,NO_ZERO_IN_DATE,NO_ZERO_DATE,ALLOW_INVALID_DATES,ERROR_FOR_DIVISION_BY_ZERO,TRADITIONAL,NO_AUTO_CREATE_USER,NO_ENGINE_SUBSTITUTION' */ ;
DELIMITER ;;
/*!50003 CREATE*/ /*!50017 DEFINER=`root`@`localhost`*/ /*!50003 TRIGGER `trackdb`.`user_has_media_BEFORE_UPDATE` BEFORE UPDATE ON `user_has_media` FOR EACH ROW
BEGIN
    DECLARE v_media_rating DECIMAL(4,2);
    DECLARE v_media_rating_before DECIMAL(4,2);
    DECLARE v_number_of_ratings INT DEFAULT 0;
    
	SELECT rating INTO v_media_rating 
		FROM media 
			WHERE id_media = new.media_id;
	
    SELECT count(*) INTO v_number_of_ratings FROM user_has_media 
		INNER JOIN media ON media_id = id_media;
    
    IF v_number_of_ratings > 1 THEN 
		SET v_media_rating_before = ((v_media_rating * 2)- old.rating);
	ELSE 
		SET v_media_rating_before = 0;
    END IF;
    
    IF v_media_rating_before = 0 THEN
		UPDATE media 
			SET rating = new.rating 
            WHERE id_media = new.media_id;
	ELSE
		UPDATE media
			SET rating = ((v_media_rating_before + new.rating)/2)
			WHERE id_media = new.media_id;
	END IF;
END */;;
DELIMITER ;
/*!50003 SET sql_mode              = @saved_sql_mode */ ;
/*!50003 SET character_set_client  = @saved_cs_client */ ;
/*!50003 SET character_set_results = @saved_cs_results */ ;
/*!50003 SET collation_connection  = @saved_col_connection */ ;
/*!40103 SET TIME_ZONE=@OLD_TIME_ZONE */;

/*!40101 SET SQL_MODE=@OLD_SQL_MODE */;
/*!40014 SET FOREIGN_KEY_CHECKS=@OLD_FOREIGN_KEY_CHECKS */;
/*!40014 SET UNIQUE_CHECKS=@OLD_UNIQUE_CHECKS */;
/*!40101 SET CHARACTER_SET_CLIENT=@OLD_CHARACTER_SET_CLIENT */;
/*!40101 SET CHARACTER_SET_RESULTS=@OLD_CHARACTER_SET_RESULTS */;
/*!40101 SET COLLATION_CONNECTION=@OLD_COLLATION_CONNECTION */;
/*!40111 SET SQL_NOTES=@OLD_SQL_NOTES */;

-- Dump completed on 2017-07-02 12:29:18
